,SRR32936402,SRR32936389,SRR32938709,SRR32936396,SRR32936412,SRR32938731,SRR32938711,SRR32938723,SRR32938694,SRR32938705,SRR32936377,SRR32936401,SRR32936410,SRR32936379,SRR32938685,SRR32936376,SRR32938686,SRR32936420,SRR32936403,SRR32936388,SRR32938688,SRR32936422,SRR32936405,SRR32936390,SRR32936421,SRR32938721,SRR32938712,SRR32938684,SRR32938702,SRR32936383,SRR32936417,SRR32938693,SRR32938725,SRR32936415,SRR32936406,SRR32938730,SRR32936385,SRR32938728,SRR32938733,SRR32938713,SRR32936394,SRR32936416,SRR32938720,SRR32938704,SRR32938717,SRR32938722,SRR32936381,SRR32936408,SRR32936395,SRR32936407,SRR32938690,SRR32936384,SRR32938703,SRR32938734,SRR32938729,SRR32936414,SRR32936423,SRR32938707,SRR32938708,SRR32936393,SRR32938699,SRR32938689,SRR32938732,SRR32936382,SRR32938724,SRR32938718,SRR32936404,SRR32938687,SRR32936378,SRR32938715,SRR32938696,SRR32936409,SRR32938698,SRR32936386,SRR32936419,SRR32938706,SRR32936391,SRR32938701,SRR32936424,SRR32936418,SRR32938726,SRR32938710,SRR32936413,SRR32938697,SRR32936380,SRR32938714,SRR32938692,SRR32938691,SRR32938716,SRR32936392,SRR32938695,SRR32936387,SRR32938727,SRR32936398,SRR32936425,SRR32936411,SRR32936397,SRR32938719,SRR32936399,SRR32938700,SRR32936400
g__Abiotrophia,417.0,323.0,11.0,2.0,31.0,16.0,8.0,2.0,15.0,44.0,137.0,193.0,55.0,104.0,211.0,96.0,2.0,4.0,145.0,4.0,217.0,343.0,523.0,200.0,79.0,436.0,845.0,12.0,58.0,2.0,36.0,0.0,38.0,23.0,615.0,6436.0,49.0,10.0,365.0,129.0,0.0,56.0,80.0,7.0,2.0,1180.0,140.0,0.0,7.0,881.0,105.0,7.0,2.0,5.0,221.0,339.0,12.0,11.0,1631.0,4.0,139.0,209.0,464.0,0.0,120.0,873.0,2.0,51.0,316.0,1835.0,16.0,642.0,442.0,82.0,11.0,105.0,30.0,24.0,43.0,31.0,321.0,1189.0,53.0,30.0,30.0,3.0,139.0,4.0,2338.0,29.0,162.0,21.0,148.0,2.0,27.0,44.0,46.0,338.0,204.0,13.0,3.0
g__Absconditabacteriales_(SR1),0.0,264.0,0.0,4.0,3.0,0.0,2.0,0.0,1.0,3.0,5.0,104.0,4.0,0.0,38.0,0.0,0.0,16.0,62.0,2.0,0.0,16.0,2.0,225.0,1.0,0.0,0.0,4.0,27.0,0.0,113.0,0.0,1.0,117.0,50.0,10.0,17.0,5.0,35.0,0.0,0.0,41.0,2.0,0.0,0.0,47.0,0.0,0.0,0.0,277.0,7.0,0.0,0.0,0.0,27.0,82.0,4.0,0.0,7.0,220.0,16.0,0.0,0.0,0.0,114.0,0.0,0.0,9.0,26.0,2.0,2.0,9.0,25.0,361.0,0.0,5.0,176.0,15.0,19.0,0.0,2.0,20.0,0.0,8.0,0.0,0.0,0.0,0.0,28.0,70.0,57.0,2.0,2.0,0.0,0.0,0.0,7.0,10.0,6.0,36.0,1.0
g__Acholeplasma,0.0,0.0,0.0,0.0,0.0,2.0,0.0,0.0,0.0,0.0,44.0,0.0,0.0,0.0,42.0,0.0,0.0,0.0,0.0,0.0,0.0,0.0,0.0,0.0,0.0,0.0,0.0,0.0,0.0,0.0,0.0,0.0,0.0,0.0,0.0,0.0,2.0,0.0,0.0,0.0,0.0,0.0,0.0,0.0,0.0,0.0,0.0,0.0,0.0,0.0,0.0,0.0,0.0,0.0,0.0,0.0,0.0,0.0,0.0,0.0,0.0,0.0,0.0,0.0,0.0,0.0,0.0,0.0,0.0,0.0,0.0,0.0,0.0,0.0,0.0,0.0,0.0,0.0,0.0,0.0,0.0,0.0,0.0,4.0,0.0,0.0,0.0,0.0,0.0,0.0,0.0,0.0,0.0,0.0,0.0,0.0,0.0,0.0,0.0,0.0,0.0
g__Acinetobacter,0.0,0.0,0.0,0.0,0.0,4.0,5.0,0.0,0.0,10.0,0.0,0.0,0.0,0.0,19.0,0.0,11.0,0.0,8.0,6.0,0.0,0.0,23.0,7.0,0.0,8.0,4.0,0.0,5.0,0.0,3.0,0.0,0.0,0.0,0.0,0.0,0.0,0.0,3.0,45.0,2.0,4.0,4.0,0.0,10.0,0.0,0.0,160.0,0.0,0.0,0.0,2.0,8.0,3.0,0.0,0.0,0.0,2.0,4.0,0.0,3.0,0.0,2.0,1.0,0.0,0.0,2.0,0.0,7.0,0.0,2.0,0.0,2.0,0.0,3.0,2.0,0.0,5.0,0.0,2.0,0.0,0.0,0.0,2.0,0.0,0.0,8.0,0.0,0.0,0.0,10.0,0.0,0.0,2.0,3.0,6.0,0.0,2.0,0.0,0.0,0.0
g__Actinobacillus,7.0,1211.0,3.0,209.0,368.0,6.0,12.0,3.0,6.0,165.0,115.0,211.0,8.0,39.0,5408.0,827.0,6.0,90.0,37.0,141.0,334.0,1514.0,9.0,42.0,895.0,4254.0,2.0,30.0,4.0,13.0,4.0,3.0,7.0,997.0,0.0,90.0,25.0,91.0,793.0,6.0,0.0,0.0,487.0,4.0,3.0,89.0,1228.0,7.0,26.0,998.0,39.0,7.0,4.0,5.0,1107.0,99.0,42.0,6.0,239.0,7.0,47.0,94.0,287.0,5.0,1087.0,6.0,0.0,2273.0,7769.0,12.0,8.0,2.0,96.0,137.0,5.0,807.0,0.0,2.0,7.0,3.0,0.0,2.0,71.0,88.0,13.0,8.0,362.0,2.0,456.0,8.0,3244.0,172.0,0.0,2.0,4.0,4.0,2011.0,3.0,31.0,3.0,2.0
g__Actinomyces,9895.0,2443.0,4035.0,9130.0,12889.0,12994.0,2033.0,18601.0,28725.0,11272.0,10600.0,10941.0,6367.0,11184.0,2453.0,12263.0,17081.0,13629.0,20011.0,5805.0,2406.0,10959.0,11239.0,6100.0,9436.0,15359.0,15939.0,71632.0,4722.0,28721.0,7807.0,6205.0,6688.0,12058.0,7113.0,6985.0,13073.0,15522.0,4159.0,14790.0,30522.0,15813.0,24926.0,15550.0,10215.0,8621.0,3351.0,15737.0,6772.0,9546.0,8181.0,11748.0,1784.0,30002.0,10651.0,9168.0,9477.0,10612.0,11371.0,11803.0,26291.0,8090.0,39721.0,9722.0,7030.0,6089.0,19381.0,17173.0,4574.0,12534.0,42359.0,11455.0,1341.0,4887.0,4872.0,1843.0,9811.0,5471.0,12960.0,6872.0,9717.0,8173.0,10954.0,8570.0,7339.0,9012.0,3162.0,15607.0,20321.0,9973.0,10321.0,7262.0,1818.0,30005.0,4974.0,6662.0,14129.0,16688.0,2819.0,5115.0,9951.0
g__Aerococcus,0.0,0.0,0.0,0.0,0.0,0.0,0.0,0.0,0.0,0.0,0.0,0.0,0.0,0.0,10.0,0.0,0.0,0.0,0.0,0.0,0.0,0.0,0.0,0.0,0.0,0.0,0.0,0.0,0.0,0.0,0.0,0.0,0.0,0.0,0.0,0.0,0.0,0.0,0.0,0.0,0.0,0.0,0.0,0.0,0.0,0.0,0.0,0.0,0.0,0.0,0.0,0.0,0.0,0.0,0.0,0.0,0.0,0.0,0.0,0.0,0.0,0.0,0.0,0.0,0.0,0.0,0.0,0.0,0.0,0.0,0.0,0.0,0.0,0.0,0.0,0.0,0.0,0.0,0.0,0.0,0.0,0.0,0.0,0.0,0.0,0.0,0.0,0.0,0.0,0.0,0.0,0.0,0.0,0.0,0.0,0.0,0.0,0.0,0.0,0.0,0.0
g__Aggregatibacter,550.0,3910.0,83.0,429.0,75.0,1483.0,26.0,12.0,1847.0,8260.0,296.0,998.0,771.0,82.0,556.0,58.0,4.0,114.0,423.0,15.0,13.0,1725.0,1042.0,315.0,124.0,1157.0,613.0,126.0,352.0,185.0,764.0,44.0,2050.0,217.0,372.0,6494.0,517.0,126.0,488.0,14054.0,165.0,286.0,55.0,61.0,13.0,1952.0,184.0,52.0,399.0,1633.0,53.0,313.0,809.0,15.0,1208.0,944.0,946.0,32.0,599.0,89.0,130.0,200.0,45.0,2.0,2594.0,51.0,179.0,108.0,274.0,379.0,850.0,172.0,137.0,1221.0,15.0,688.0,1020.0,121.0,184.0,35.0,911.0,4020.0,323.0,3652.0,633.0,65.0,544.0,2092.0,974.0,329.0,1552.0,121.0,334.0,23.0,1078.0,135.0,1292.0,1946.0,429.0,564.0,63.0
g__Alloprevotella,4360.0,4805.0,669.0,550.0,3300.0,184.0,11947.0,169.0,1025.0,430.0,883.0,7893.0,3914.0,2923.0,317.0,29.0,215.0,3915.0,7234.0,3362.0,1500.0,8063.0,1720.0,306.0,7607.0,596.0,211.0,212.0,1281.0,3025.0,991.0,651.0,445.0,6944.0,2245.0,3433.0,11241.0,658.0,2175.0,203.0,1281.0,716.0,62.0,7856.0,1503.0,1363.0,3251.0,1730.0,3342.0,5508.0,909.0,1306.0,72.0,15.0,2750.0,4103.0,1711.0,992.0,341.0,2470.0,59.0,406.0,16.0,4956.0,1097.0,263.0,5423.0,808.0,1635.0,593.0,386.0,2299.0,5827.0,6305.0,214.0,351.0,2467.0,735.0,3414.0,1591.0,580.0,3451.0,7082.0,782.0,4269.0,766.0,488.0,3242.0,458.0,3827.0,1113.0,1153.0,676.0,2445.0,66.0,3355.0,2546.0,1070.0,2869.0,412.0,4736.0
g__Alloscardovia,2.0,6.0,16.0,3.0,9.0,0.0,3.0,0.0,0.0,4.0,0.0,0.0,5.0,0.0,0.0,0.0,0.0,11.0,28.0,16.0,0.0,12.0,34.0,7.0,17.0,0.0,0.0,0.0,7.0,0.0,5.0,0.0,0.0,9.0,19.0,0.0,0.0,2.0,3.0,2.0,60.0,6.0,0.0,0.0,6.0,0.0,4.0,52.0,15.0,0.0,0.0,0.0,1.0,0.0,5.0,0.0,10.0,2.0,0.0,40.0,0.0,0.0,0.0,0.0,2.0,4.0,5.0,0.0,9.0,3.0,0.0,147.0,4.0,0.0,0.0,0.0,0.0,10.0,34.0,0.0,0.0,0.0,9.0,0.0,0.0,5.0,0.0,0.0,0.0,18.0,0.0,72.0,0.0,0.0,0.0,9.0,27.0,0.0,10.0,0.0,328.0
g__Alysiella,0.0,93.0,0.0,0.0,2.0,0.0,0.0,0.0,0.0,0.0,59.0,7.0,0.0,14.0,6.0,4.0,0.0,203.0,0.0,0.0,13.0,54.0,0.0,38.0,0.0,0.0,0.0,0.0,26.0,0.0,0.0,0.0,5.0,28.0,0.0,0.0,4.0,41.0,14.0,0.0,0.0,246.0,0.0,0.0,0.0,0.0,58.0,7.0,0.0,101.0,2.0,0.0,0.0,0.0,0.0,40.0,0.0,0.0,0.0,61.0,0.0,4.0,0.0,0.0,9.0,12.0,0.0,15.0,180.0,0.0,0.0,54.0,3.0,0.0,0.0,0.0,0.0,2.0,12.0,44.0,0.0,0.0,0.0,15.0,130.0,0.0,0.0,0.0,7.0,54.0,0.0,0.0,8.0,0.0,0.0,2.0,0.0,0.0,0.0,0.0,0.0
g__Amnipila,0.0,0.0,0.0,0.0,0.0,0.0,0.0,0.0,0.0,0.0,0.0,0.0,0.0,0.0,0.0,0.0,0.0,0.0,0.0,0.0,0.0,0.0,0.0,0.0,0.0,0.0,0.0,0.0,0.0,0.0,0.0,0.0,0.0,0.0,0.0,0.0,0.0,0.0,0.0,0.0,0.0,0.0,0.0,0.0,0.0,0.0,0.0,0.0,0.0,0.0,0.0,0.0,0.0,0.0,0.0,0.0,0.0,0.0,0.0,0.0,0.0,0.0,0.0,0.0,0.0,0.0,0.0,0.0,11.0,0.0,0.0,0.0,0.0,0.0,0.0,0.0,0.0,0.0,0.0,0.0,0.0,0.0,0.0,0.0,0.0,0.0,0.0,0.0,0.0,0.0,0.0,0.0,0.0,0.0,0.0,0.0,0.0,0.0,0.0,0.0,0.0
g__Anaeroglobus,20.0,290.0,2.0,36.0,18.0,3.0,423.0,5328.0,14.0,167.0,49.0,22.0,11.0,20.0,7.0,4.0,173.0,7.0,91.0,14.0,156.0,489.0,21.0,54.0,13.0,7.0,12.0,344.0,370.0,3.0,16.0,275.0,192.0,8.0,20.0,1186.0,0.0,6.0,592.0,115.0,2.0,95.0,77.0,1645.0,357.0,40.0,367.0,39.0,621.0,12.0,397.0,250.0,4.0,8.0,37.0,15.0,24.0,121.0,251.0,28.0,188.0,7.0,3.0,39.0,663.0,16.0,17.0,51.0,182.0,18.0,49.0,4.0,707.0,10.0,1718.0,7.0,90.0,91.0,9.0,4.0,24.0,0.0,95.0,101.0,72.0,10.0,18.0,7.0,5.0,54.0,15.0,186.0,4.0,26.0,189.0,3948.0,57.0,54.0,23.0,633.0,7.0
g__Asteroleplasma,0.0,0.0,0.0,0.0,0.0,0.0,0.0,0.0,0.0,0.0,0.0,0.0,0.0,0.0,0.0,0.0,0.0,0.0,0.0,0.0,0.0,0.0,0.0,0.0,0.0,0.0,0.0,0.0,0.0,0.0,0.0,0.0,0.0,0.0,0.0,0.0,0.0,0.0,0.0,0.0,0.0,0.0,0.0,0.0,0.0,0.0,0.0,0.0,0.0,0.0,0.0,0.0,0.0,0.0,0.0,0.0,0.0,32.0,0.0,0.0,0.0,0.0,0.0,0.0,0.0,0.0,0.0,0.0,0.0,0.0,0.0,0.0,3.0,0.0,0.0,0.0,0.0,0.0,0.0,0.0,0.0,0.0,0.0,0.0,0.0,0.0,0.0,0.0,0.0,0.0,0.0,0.0,0.0,0.0,0.0,0.0,0.0,0.0,0.0,0.0,0.0
g__Atopobium,320.0,31.0,63.0,270.0,592.0,34.0,319.0,906.0,62.0,44.0,377.0,404.0,274.0,402.0,48.0,258.0,141.0,637.0,272.0,624.0,63.0,531.0,153.0,164.0,412.0,40.0,41.0,29.0,153.0,1161.0,140.0,67.0,22.0,206.0,131.0,85.0,631.0,123.0,51.0,35.0,704.0,112.0,18.0,562.0,329.0,25.0,158.0,605.0,257.0,154.0,16.0,686.0,52.0,1343.0,110.0,142.0,320.0,199.0,134.0,305.0,17.0,123.0,13.0,31.0,38.0,26.0,164.0,78.0,88.0,9.0,73.0,133.0,43.0,234.0,160.0,54.0,101.0,55.0,409.0,221.0,8.0,4.0,575.0,149.0,119.0,41.0,22.0,242.0,17.0,257.0,37.0,267.0,29.0,669.0,161.0,1108.0,699.0,76.0,162.0,57.0,479.0
g__Azospira,0.0,0.0,0.0,2.0,0.0,0.0,0.0,0.0,0.0,0.0,0.0,0.0,0.0,0.0,0.0,0.0,4.0,0.0,3.0,0.0,0.0,0.0,0.0,0.0,0.0,0.0,0.0,0.0,0.0,0.0,0.0,0.0,0.0,0.0,0.0,0.0,0.0,0.0,0.0,0.0,0.0,0.0,0.0,0.0,3.0,0.0,3.0,4.0,0.0,0.0,0.0,8.0,0.0,0.0,0.0,0.0,2.0,0.0,0.0,0.0,0.0,0.0,0.0,0.0,0.0,0.0,0.0,0.0,0.0,0.0,0.0,4.0,0.0,0.0,0.0,0.0,0.0,0.0,0.0,0.0,0.0,0.0,0.0,0.0,0.0,0.0,0.0,0.0,0.0,0.0,0.0,0.0,0.0,2.0,7.0,4.0,2.0,0.0,0.0,0.0,0.0
g__Bacteroides,0.0,1131.0,0.0,0.0,2.0,0.0,0.0,0.0,0.0,4.0,0.0,0.0,24.0,2.0,0.0,0.0,0.0,0.0,0.0,25.0,63.0,0.0,5.0,4.0,0.0,0.0,0.0,0.0,0.0,0.0,24.0,0.0,914.0,0.0,2.0,2.0,0.0,2.0,0.0,11.0,2.0,241.0,0.0,0.0,174.0,0.0,155.0,42.0,0.0,0.0,98.0,0.0,0.0,0.0,0.0,0.0,0.0,58.0,0.0,0.0,0.0,0.0,0.0,0.0,0.0,0.0,0.0,0.0,0.0,9.0,2.0,0.0,642.0,0.0,0.0,0.0,59.0,2.0,0.0,0.0,17.0,0.0,0.0,135.0,0.0,0.0,0.0,7.0,0.0,2.0,3.0,3.0,3.0,5.0,0.0,0.0,0.0,4.0,0.0,94.0,0.0
g__Bergeyella,393.0,1027.0,121.0,197.0,198.0,182.0,94.0,7.0,700.0,240.0,165.0,678.0,284.0,204.0,168.0,228.0,77.0,55.0,993.0,57.0,1085.0,315.0,421.0,499.0,128.0,49.0,519.0,9.0,248.0,170.0,381.0,80.0,129.0,460.0,613.0,1157.0,290.0,41.0,510.0,481.0,3.0,366.0,239.0,176.0,68.0,1900.0,770.0,255.0,306.0,1040.0,439.0,55.0,3.0,8.0,688.0,517.0,205.0,49.0,220.0,332.0,409.0,279.0,159.0,233.0,2016.0,1439.0,43.0,359.0,343.0,372.0,312.0,471.0,325.0,519.0,14.0,209.0,702.0,176.0,134.0,277.0,214.0,2551.0,98.0,177.0,166.0,28.0,116.0,187.0,1370.0,463.0,651.0,145.0,16.0,11.0,211.0,90.0,326.0,350.0,160.0,423.0,46.0
g__Bifidobacterium,7.0,46.0,2591.0,30.0,267.0,5.0,38.0,15630.0,30.0,69.0,10.0,2.0,292.0,70.0,0.0,223.0,105.0,426.0,87.0,149.0,79.0,12.0,17.0,25.0,58.0,10.0,66.0,23.0,338.0,33.0,4.0,189.0,3.0,73.0,59.0,79.0,72.0,91.0,2076.0,24.0,56.0,0.0,210.0,472.0,317.0,342.0,96.0,444.0,541.0,255.0,12.0,836.0,6.0,2534.0,13.0,47.0,28.0,163.0,23.0,16.0,18.0,46.0,64.0,2.0,14.0,8.0,13.0,33.0,442.0,50.0,80.0,212.0,7.0,3.0,32.0,27.0,41.0,111.0,79.0,8.0,7.0,3.0,17.0,38.0,12.0,15.0,11.0,144.0,15.0,131.0,7.0,220.0,0.0,22.0,1317.0,5295.0,106.0,123.0,6.0,431.0,5.0
g__Bilophila,0.0,0.0,0.0,0.0,0.0,0.0,0.0,0.0,0.0,0.0,0.0,0.0,0.0,21.0,0.0,0.0,0.0,0.0,0.0,0.0,0.0,0.0,0.0,0.0,0.0,0.0,0.0,0.0,0.0,0.0,0.0,0.0,0.0,0.0,0.0,0.0,0.0,0.0,0.0,0.0,0.0,0.0,0.0,0.0,0.0,0.0,0.0,0.0,0.0,0.0,0.0,0.0,0.0,0.0,0.0,0.0,0.0,0.0,0.0,0.0,0.0,14.0,0.0,0.0,0.0,0.0,0.0,0.0,0.0,0.0,0.0,0.0,0.0,0.0,0.0,0.0,0.0,0.0,0.0,0.0,0.0,0.0,0.0,0.0,0.0,0.0,0.0,0.0,0.0,0.0,0.0,0.0,0.0,0.0,0.0,0.0,0.0,0.0,0.0,0.0,0.0
g__Brachymonas,0.0,0.0,2.0,4.0,0.0,13.0,0.0,0.0,0.0,0.0,1.0,0.0,0.0,0.0,0.0,0.0,0.0,4.0,0.0,0.0,2.0,3.0,3.0,7.0,0.0,2.0,0.0,2.0,0.0,2.0,2.0,12.0,99.0,0.0,0.0,0.0,0.0,37.0,18.0,5.0,2.0,2.0,0.0,6.0,0.0,18.0,7.0,0.0,0.0,5.0,20.0,37.0,0.0,0.0,0.0,0.0,3.0,0.0,12.0,3.0,11.0,0.0,0.0,2.0,19.0,0.0,0.0,8.0,8.0,0.0,0.0,2.0,0.0,7.0,0.0,2.0,2.0,3.0,2.0,0.0,16.0,0.0,0.0,0.0,0.0,0.0,0.0,33.0,0.0,3.0,9.0,0.0,0.0,0.0,0.0,0.0,0.0,0.0,6.0,0.0,0.0
g__Brevibacterium,0.0,0.0,0.0,0.0,0.0,11.0,0.0,0.0,0.0,0.0,0.0,0.0,0.0,0.0,0.0,0.0,0.0,0.0,0.0,0.0,0.0,0.0,0.0,0.0,0.0,0.0,0.0,0.0,0.0,0.0,0.0,0.0,0.0,0.0,0.0,0.0,0.0,0.0,0.0,0.0,0.0,0.0,0.0,0.0,0.0,0.0,0.0,0.0,0.0,0.0,0.0,0.0,0.0,0.0,0.0,0.0,0.0,0.0,0.0,0.0,0.0,0.0,0.0,0.0,0.0,0.0,0.0,0.0,0.0,0.0,0.0,0.0,0.0,0.0,0.0,0.0,0.0,0.0,0.0,0.0,0.0,0.0,0.0,0.0,0.0,0.0,0.0,0.0,0.0,0.0,0.0,0.0,0.0,0.0,0.0,0.0,0.0,0.0,0.0,0.0,0.0
g__Bulleidia,0.0,0.0,0.0,3.0,9.0,0.0,0.0,0.0,59.0,0.0,13.0,193.0,0.0,0.0,0.0,0.0,0.0,3.0,0.0,0.0,176.0,15.0,0.0,3.0,0.0,2.0,0.0,17.0,0.0,34.0,0.0,0.0,0.0,23.0,0.0,0.0,123.0,8.0,23.0,0.0,0.0,2.0,0.0,102.0,92.0,35.0,546.0,40.0,181.0,5.0,20.0,39.0,0.0,3.0,0.0,43.0,8.0,0.0,14.0,0.0,0.0,0.0,0.0,2.0,8.0,0.0,36.0,20.0,98.0,0.0,23.0,0.0,0.0,23.0,0.0,10.0,0.0,3.0,0.0,56.0,0.0,27.0,18.0,2.0,0.0,57.0,0.0,211.0,0.0,0.0,41.0,60.0,323.0,0.0,0.0,0.0,23.0,2.0,15.0,0.0,0.0
g__Burkholderia,0.0,0.0,87.0,0.0,0.0,14.0,35.0,14.0,14.0,70.0,0.0,0.0,0.0,0.0,133.0,0.0,122.0,0.0,0.0,0.0,9.0,0.0,0.0,2.0,0.0,55.0,34.0,83.0,45.0,0.0,0.0,33.0,11.0,0.0,0.0,8.0,0.0,56.0,35.0,21.0,0.0,0.0,36.0,3.0,81.0,0.0,0.0,0.0,0.0,0.0,22.0,0.0,55.0,9.0,7.0,0.0,2.0,283.0,103.0,0.0,289.0,29.0,19.0,0.0,24.0,45.0,0.0,37.0,6.0,5.0,17.0,0.0,14.0,0.0,0.0,10.0,2.0,51.0,0.0,0.0,20.0,3.0,0.0,37.0,0.0,38.0,131.0,44.0,11.0,0.0,45.0,0.0,70.0,0.0,0.0,0.0,0.0,16.0,0.0,82.0,0.0
g__Butyrivibrio,143.0,14.0,234.0,330.0,193.0,2.0,9.0,65.0,2.0,4.0,55.0,360.0,61.0,3.0,63.0,3.0,1.0,553.0,1035.0,297.0,36.0,318.0,2.0,60.0,540.0,34.0,7.0,2.0,334.0,3.0,284.0,3.0,19.0,37.0,307.0,4.0,6.0,89.0,34.0,0.0,3.0,448.0,6.0,2.0,78.0,48.0,1005.0,1198.0,2.0,93.0,9.0,3.0,2.0,0.0,141.0,70.0,12.0,328.0,0.0,1395.0,0.0,2.0,2.0,282.0,9.0,22.0,343.0,138.0,92.0,7.0,3.0,269.0,2.0,60.0,3.0,10.0,27.0,175.0,283.0,3.0,5.0,1.0,292.0,57.0,5.0,35.0,0.0,4.0,2.0,1439.0,19.0,2.0,0.0,3445.0,4.0,3.0,79.0,8.0,93.0,8.0,507.0
g__Campylobacter,144.0,588.0,216.0,539.0,527.0,782.0,260.0,488.0,589.0,296.0,418.0,231.0,334.0,271.0,134.0,764.0,88.0,665.0,671.0,419.0,325.0,361.0,323.0,359.0,475.0,88.0,411.0,252.0,432.0,225.0,250.0,301.0,578.0,431.0,344.0,374.0,392.0,270.0,340.0,208.0,250.0,362.0,981.0,1004.0,48.0,438.0,535.0,144.0,545.0,156.0,621.0,210.0,110.0,88.0,830.0,262.0,225.0,1182.0,211.0,994.0,374.0,278.0,141.0,893.0,359.0,357.0,551.0,295.0,208.0,311.0,524.0,204.0,319.0,466.0,149.0,72.0,359.0,224.0,361.0,178.0,153.0,613.0,193.0,253.0,303.0,157.0,160.0,415.0,281.0,570.0,387.0,289.0,195.0,347.0,387.0,451.0,253.0,778.0,514.0,288.0,457.0
g__Candidatus_Saccharimonas,484.0,369.0,163.0,843.0,470.0,42.0,206.0,965.0,581.0,251.0,222.0,960.0,304.0,313.0,58.0,795.0,51.0,318.0,822.0,456.0,409.0,769.0,335.0,368.0,354.0,120.0,156.0,148.0,565.0,1020.0,625.0,45.0,95.0,683.0,464.0,166.0,1602.0,113.0,512.0,171.0,657.0,412.0,80.0,106.0,130.0,505.0,823.0,578.0,48.0,650.0,221.0,305.0,31.0,11.0,209.0,777.0,348.0,46.0,202.0,396.0,142.0,187.0,1963.0,124.0,468.0,42.0,1217.0,307.0,263.0,615.0,804.0,337.0,163.0,578.0,90.0,103.0,857.0,126.0,635.0,130.0,56.0,215.0,731.0,140.0,581.0,140.0,196.0,448.0,257.0,504.0,179.0,79.0,32.0,29.0,344.0,1025.0,568.0,197.0,344.0,413.0,592.0
g__Capnocytophaga,558.0,5166.0,130.0,514.0,382.0,21739.0,327.0,1259.0,3289.0,2829.0,446.0,905.0,3882.0,269.0,989.0,59.0,293.0,255.0,2955.0,113.0,4396.0,3163.0,651.0,2239.0,212.0,327.0,2793.0,455.0,763.0,450.0,2400.0,386.0,1326.0,710.0,3603.0,9041.0,676.0,274.0,2885.0,3179.0,63.0,777.0,3526.0,9657.0,245.0,10618.0,2321.0,887.0,2254.0,2179.0,16333.0,932.0,30.0,207.0,8236.0,1894.0,1649.0,587.0,2439.0,1757.0,6903.0,505.0,103.0,5864.0,11100.0,11414.0,265.0,1010.0,1555.0,3675.0,1455.0,1698.0,1537.0,5017.0,139.0,403.0,2172.0,769.0,950.0,208.0,837.0,7515.0,316.0,4796.0,1703.0,179.0,1157.0,3920.0,1595.0,1059.0,4047.0,669.0,91.0,87.0,7330.0,4849.0,975.0,10513.0,668.0,1484.0,186.0
g__Cardiobacterium,95.0,1043.0,84.0,156.0,113.0,1108.0,129.0,11.0,915.0,1501.0,194.0,119.0,181.0,23.0,231.0,8.0,0.0,30.0,432.0,47.0,1323.0,344.0,156.0,757.0,46.0,142.0,585.0,170.0,187.0,112.0,81.0,17.0,186.0,30.0,288.0,3419.0,59.0,61.0,913.0,1153.0,0.0,82.0,1089.0,54.0,42.0,3592.0,566.0,92.0,103.0,347.0,316.0,138.0,2.0,16.0,2144.0,113.0,485.0,733.0,1286.0,38.0,309.0,72.0,10.0,68.0,2126.0,2836.0,36.0,203.0,231.0,1127.0,421.0,380.0,323.0,130.0,8.0,88.0,351.0,102.0,258.0,18.0,43.0,1978.0,60.0,476.0,196.0,15.0,85.0,982.0,177.0,104.0,1352.0,44.0,17.0,52.0,491.0,311.0,255.0,847.0,262.0,213.0,89.0
g__Catonella,31.0,42.0,23.0,48.0,143.0,19.0,418.0,83.0,17.0,9.0,26.0,55.0,33.0,70.0,13.0,0.0,2.0,35.0,49.0,27.0,39.0,173.0,39.0,173.0,63.0,16.0,6.0,16.0,21.0,19.0,30.0,3.0,26.0,30.0,195.0,182.0,36.0,26.0,58.0,6.0,16.0,60.0,4.0,92.0,9.0,127.0,47.0,6.0,143.0,149.0,48.0,19.0,5.0,0.0,25.0,48.0,58.0,23.0,29.0,20.0,23.0,33.0,0.0,57.0,116.0,10.0,70.0,22.0,33.0,4.0,7.0,70.0,152.0,244.0,9.0,7.0,87.0,11.0,30.0,41.0,4.0,10.0,131.0,23.0,74.0,15.0,38.0,214.0,66.0,36.0,54.0,91.0,55.0,113.0,3.0,28.0,48.0,15.0,51.0,20.0,39.0
g__Centipeda,0.0,1367.0,0.0,55.0,11.0,191.0,14.0,411.0,10.0,57.0,141.0,7.0,167.0,6.0,145.0,0.0,17.0,70.0,285.0,28.0,126.0,126.0,18.0,0.0,20.0,12.0,6.0,39.0,100.0,79.0,31.0,24.0,187.0,81.0,142.0,331.0,94.0,36.0,381.0,70.0,1.0,109.0,10.0,31.0,19.0,1430.0,836.0,13.0,10.0,76.0,1104.0,108.0,3.0,29.0,578.0,199.0,72.0,113.0,26.0,22.0,489.0,10.0,0.0,23.0,889.0,3.0,12.0,50.0,191.0,536.0,5.0,23.0,1292.0,209.0,0.0,14.0,0.0,16.0,66.0,0.0,19.0,227.0,65.0,104.0,190.0,1.0,124.0,280.0,24.0,133.0,148.0,11.0,0.0,25.0,546.0,691.0,97.0,618.0,17.0,1.0,7.0
g__Chloroplast,0.0,0.0,1.0,0.0,0.0,0.0,0.0,0.0,8.0,0.0,0.0,0.0,0.0,0.0,0.0,0.0,0.0,0.0,0.0,0.0,0.0,0.0,0.0,0.0,0.0,0.0,0.0,0.0,0.0,0.0,0.0,0.0,0.0,0.0,0.0,0.0,8.0,0.0,0.0,0.0,0.0,0.0,0.0,0.0,0.0,0.0,0.0,0.0,0.0,0.0,0.0,0.0,0.0,0.0,0.0,0.0,0.0,0.0,0.0,0.0,0.0,0.0,0.0,0.0,0.0,0.0,0.0,12.0,34.0,0.0,0.0,0.0,0.0,0.0,0.0,0.0,0.0,0.0,0.0,0.0,0.0,0.0,0.0,0.0,0.0,0.0,0.0,0.0,0.0,0.0,0.0,0.0,0.0,0.0,0.0,0.0,0.0,0.0,0.0,0.0,0.0
g__Clostridia_UCG_014,34.0,21.0,127.0,113.0,135.0,11.0,16.0,16.0,66.0,6.0,28.0,62.0,196.0,155.0,17.0,7.0,4.0,4.0,109.0,119.0,5.0,308.0,44.0,37.0,82.0,28.0,6.0,3.0,27.0,0.0,62.0,3.0,2.0,42.0,28.0,0.0,24.0,2.0,23.0,6.0,3.0,28.0,5.0,0.0,29.0,9.0,11.0,188.0,2.0,73.0,2.0,38.0,0.0,0.0,26.0,66.0,140.0,0.0,7.0,87.0,8.0,91.0,4.0,0.0,8.0,10.0,261.0,38.0,14.0,0.0,41.0,160.0,3.0,110.0,4.0,9.0,116.0,32.0,142.0,4.0,5.0,57.0,249.0,21.0,123.0,18.0,53.0,0.0,13.0,101.0,18.0,3.0,0.0,3.0,2.0,20.0,35.0,60.0,112.0,33.0,215.0
g__Clostridia_vadinBB60_group,0.0,0.0,0.0,0.0,3.0,2.0,0.0,0.0,5.0,0.0,16.0,0.0,0.0,0.0,27.0,0.0,0.0,0.0,0.0,0.0,0.0,0.0,0.0,0.0,0.0,0.0,0.0,0.0,0.0,0.0,0.0,0.0,0.0,0.0,0.0,0.0,19.0,0.0,7.0,0.0,0.0,0.0,0.0,0.0,59.0,0.0,0.0,20.0,0.0,0.0,0.0,0.0,0.0,0.0,0.0,0.0,0.0,0.0,0.0,0.0,0.0,0.0,0.0,0.0,0.0,0.0,0.0,116.0,61.0,0.0,2.0,0.0,0.0,6.0,0.0,0.0,6.0,0.0,0.0,0.0,0.0,0.0,0.0,1.0,0.0,0.0,0.0,0.0,0.0,0.0,29.0,2.0,0.0,0.0,0.0,0.0,0.0,0.0,0.0,2.0,0.0
g__Comamonas,0.0,2992.0,2.0,14.0,0.0,7.0,7.0,15.0,0.0,6.0,20.0,11.0,10.0,5.0,11.0,0.0,0.0,0.0,149.0,3.0,8.0,198.0,11.0,70.0,6.0,0.0,2.0,5.0,2.0,7.0,21.0,0.0,5.0,2.0,5.0,32.0,2.0,0.0,14.0,10.0,4.0,9.0,2.0,0.0,10.0,51.0,0.0,5.0,0.0,146.0,44.0,0.0,0.0,0.0,3.0,44.0,38.0,32.0,67.0,15.0,4.0,6.0,0.0,0.0,2.0,12.0,0.0,0.0,4.0,5.0,0.0,111.0,384.0,16.0,0.0,11.0,11.0,17.0,42.0,0.0,4.0,0.0,6.0,3.0,39.0,2.0,57.0,2.0,12.0,13.0,0.0,4.0,0.0,3.0,0.0,374.0,59.0,3.0,31.0,5.0,0.0
g__Corynebacterium,385.0,1885.0,160.0,111.0,127.0,16451.0,43.0,25.0,8379.0,2258.0,490.0,674.0,1159.0,306.0,155.0,17.0,20.0,147.0,679.0,79.0,871.0,1136.0,853.0,451.0,143.0,1629.0,1340.0,1916.0,446.0,46.0,411.0,36.0,583.0,167.0,411.0,1396.0,278.0,373.0,769.0,3970.0,32.0,704.0,225.0,10999.0,151.0,3099.0,723.0,347.0,2602.0,665.0,8778.0,298.0,13.0,463.0,3023.0,306.0,1058.0,84.0,2291.0,84.0,3671.0,3200.0,266.0,463.0,4766.0,285.0,277.0,503.0,278.0,10183.0,3294.0,378.0,82.0,228.0,20.0,324.0,205.0,147.0,161.0,146.0,985.0,5349.0,209.0,3848.0,1395.0,68.0,1058.0,132.0,7695.0,477.0,2184.0,889.0,46.0,53.0,2597.0,1226.0,717.0,4325.0,882.0,72.0,215.0
g__Cryptobacterium,6.0,2.0,15.0,3.0,14.0,0.0,2.0,201.0,3.0,2.0,3.0,2.0,23.0,2.0,0.0,0.0,23.0,1.0,4.0,3.0,2.0,0.0,6.0,2.0,37.0,0.0,5.0,0.0,26.0,51.0,0.0,9.0,2.0,3.0,3.0,0.0,28.0,0.0,0.0,9.0,43.0,0.0,12.0,30.0,21.0,2.0,11.0,55.0,21.0,18.0,2.0,13.0,4.0,56.0,13.0,0.0,0.0,4.0,28.0,2.0,0.0,0.0,0.0,0.0,0.0,2.0,3.0,2.0,0.0,0.0,8.0,44.0,2.0,0.0,12.0,0.0,8.0,6.0,12.0,0.0,4.0,0.0,0.0,0.0,4.0,2.0,4.0,38.0,4.0,30.0,0.0,11.0,0.0,0.0,4.0,251.0,2.0,3.0,2.0,3.0,0.0
g__Cupriavidus,0.0,0.0,2.0,0.0,0.0,0.0,0.0,0.0,0.0,6.0,0.0,0.0,0.0,0.0,15.0,0.0,7.0,0.0,0.0,0.0,3.0,0.0,0.0,0.0,0.0,4.0,0.0,4.0,6.0,0.0,0.0,2.0,0.0,0.0,0.0,0.0,0.0,1.0,0.0,3.0,0.0,0.0,2.0,0.0,6.0,0.0,0.0,0.0,0.0,0.0,2.0,0.0,0.0,0.0,3.0,0.0,0.0,5.0,14.0,0.0,20.0,0.0,0.0,0.0,0.0,3.0,0.0,0.0,0.0,0.0,0.0,0.0,0.0,0.0,0.0,0.0,0.0,0.0,0.0,0.0,0.0,0.0,0.0,0.0,0.0,9.0,8.0,1.0,0.0,0.0,0.0,0.0,0.0,0.0,0.0,0.0,0.0,0.0,0.0,3.0,0.0
g__Dechloromonas,0.0,0.0,0.0,0.0,0.0,0.0,0.0,0.0,0.0,0.0,0.0,0.0,0.0,0.0,0.0,0.0,0.0,0.0,2.0,0.0,0.0,0.0,0.0,0.0,0.0,0.0,0.0,0.0,0.0,0.0,0.0,0.0,0.0,0.0,3.0,0.0,0.0,0.0,0.0,0.0,0.0,0.0,0.0,0.0,0.0,0.0,0.0,4.0,0.0,0.0,0.0,0.0,0.0,2.0,0.0,2.0,0.0,0.0,0.0,0.0,0.0,0.0,0.0,0.0,0.0,0.0,0.0,0.0,0.0,0.0,0.0,2.0,0.0,0.0,0.0,0.0,0.0,0.0,3.0,4.0,0.0,0.0,0.0,3.0,0.0,0.0,0.0,0.0,4.0,0.0,0.0,0.0,0.0,0.0,3.0,2.0,0.0,0.0,0.0,0.0,0.0
g__Defluviitaleaceae_UCG_011,0.0,0.0,0.0,0.0,0.0,0.0,31.0,11.0,0.0,3.0,7.0,0.0,0.0,0.0,2.0,0.0,0.0,0.0,3.0,0.0,31.0,17.0,6.0,0.0,0.0,4.0,0.0,0.0,0.0,0.0,2.0,0.0,56.0,0.0,0.0,8.0,0.0,3.0,7.0,0.0,0.0,3.0,4.0,6.0,16.0,2.0,107.0,5.0,0.0,0.0,2.0,0.0,0.0,0.0,0.0,0.0,0.0,0.0,1.0,0.0,0.0,0.0,0.0,0.0,0.0,0.0,0.0,25.0,32.0,0.0,0.0,0.0,0.0,4.0,0.0,0.0,0.0,2.0,0.0,0.0,0.0,0.0,14.0,0.0,0.0,2.0,0.0,0.0,0.0,0.0,5.0,0.0,0.0,0.0,0.0,0.0,0.0,0.0,5.0,0.0,0.0
g__Denitratisoma,0.0,2.0,0.0,0.0,2.0,0.0,0.0,0.0,0.0,0.0,3.0,0.0,0.0,4.0,0.0,0.0,2.0,0.0,4.0,3.0,0.0,0.0,0.0,0.0,0.0,0.0,0.0,0.0,0.0,0.0,0.0,0.0,0.0,0.0,0.0,0.0,0.0,0.0,8.0,0.0,2.0,0.0,0.0,0.0,0.0,0.0,32.0,0.0,0.0,0.0,0.0,79.0,0.0,2.0,0.0,0.0,0.0,0.0,0.0,0.0,0.0,0.0,0.0,3.0,0.0,0.0,0.0,5.0,43.0,0.0,0.0,6.0,0.0,0.0,0.0,0.0,0.0,0.0,2.0,0.0,0.0,0.0,0.0,0.0,1.0,0.0,0.0,0.0,0.0,2.0,0.0,2.0,0.0,0.0,2.0,0.0,0.0,0.0,0.0,0.0,0.0
g__Desulfobulbus,0.0,196.0,0.0,0.0,5.0,5.0,0.0,0.0,32.0,0.0,0.0,0.0,40.0,2.0,0.0,0.0,0.0,0.0,2.0,2.0,23.0,137.0,18.0,0.0,3.0,3.0,0.0,9.0,61.0,0.0,11.0,0.0,298.0,0.0,4.0,143.0,30.0,0.0,429.0,3.0,9.0,5.0,284.0,6.0,310.0,0.0,129.0,19.0,35.0,0.0,44.0,0.0,9.0,0.0,3.0,0.0,104.0,73.0,258.0,9.0,0.0,0.0,0.0,0.0,0.0,0.0,0.0,41.0,136.0,5.0,7.0,0.0,288.0,41.0,0.0,0.0,0.0,10.0,31.0,0.0,33.0,0.0,56.0,12.0,62.0,0.0,0.0,5.0,2.0,32.0,24.0,13.0,2.0,6.0,0.0,0.0,0.0,5.0,35.0,2.0,0.0
g__Desulfomicrobium,0.0,0.0,0.0,0.0,0.0,0.0,0.0,0.0,0.0,0.0,0.0,0.0,0.0,0.0,0.0,0.0,0.0,0.0,0.0,8.0,0.0,0.0,0.0,0.0,0.0,0.0,0.0,62.0,0.0,0.0,0.0,0.0,0.0,0.0,0.0,0.0,0.0,0.0,0.0,0.0,0.0,0.0,0.0,0.0,0.0,0.0,0.0,0.0,0.0,0.0,0.0,0.0,0.0,0.0,0.0,0.0,0.0,0.0,0.0,0.0,0.0,0.0,0.0,0.0,0.0,0.0,0.0,0.0,0.0,0.0,0.0,0.0,0.0,0.0,0.0,0.0,0.0,0.0,0.0,0.0,0.0,0.0,0.0,90.0,0.0,0.0,0.0,0.0,0.0,0.0,0.0,0.0,0.0,0.0,0.0,0.0,0.0,0.0,0.0,0.0,0.0
g__Desulfovibrio,2.0,295.0,0.0,33.0,0.0,0.0,0.0,0.0,0.0,9.0,14.0,0.0,3.0,0.0,18.0,4.0,41.0,0.0,0.0,0.0,10.0,3.0,0.0,2.0,0.0,2.0,0.0,0.0,0.0,33.0,4.0,167.0,178.0,0.0,0.0,3.0,0.0,0.0,0.0,0.0,0.0,16.0,0.0,2.0,0.0,0.0,2.0,0.0,2.0,0.0,8.0,407.0,0.0,0.0,0.0,0.0,2.0,52.0,2.0,0.0,0.0,0.0,0.0,0.0,0.0,0.0,0.0,0.0,0.0,2.0,2.0,0.0,23.0,2.0,3291.0,0.0,37.0,0.0,1.0,0.0,5.0,0.0,0.0,0.0,0.0,0.0,0.0,1097.0,0.0,3.0,0.0,0.0,2.0,38.0,3.0,2.0,3.0,2.0,6.0,13.0,0.0
g__Dialister,113.0,1702.0,156.0,51.0,49.0,72.0,4359.0,13898.0,357.0,243.0,221.0,186.0,188.0,36.0,248.0,11.0,88.0,53.0,1347.0,79.0,913.0,869.0,96.0,69.0,106.0,49.0,86.0,903.0,1372.0,256.0,84.0,524.0,1144.0,538.0,80.0,634.0,272.0,25.0,1159.0,116.0,62.0,170.0,73.0,3325.0,1061.0,761.0,906.0,272.0,2079.0,99.0,477.0,413.0,22.0,13.0,50.0,68.0,115.0,844.0,216.0,186.0,72.0,94.0,5.0,178.0,392.0,56.0,40.0,127.0,616.0,89.0,353.0,69.0,2390.0,117.0,1084.0,37.0,190.0,326.0,207.0,47.0,86.0,123.0,371.0,328.0,490.0,32.0,313.0,3187.0,38.0,1631.0,107.0,770.0,514.0,1180.0,162.0,8195.0,166.0,200.0,64.0,315.0,18.0
g__Duganella,0.0,0.0,0.0,0.0,0.0,0.0,0.0,0.0,0.0,0.0,0.0,0.0,0.0,0.0,0.0,0.0,0.0,0.0,0.0,0.0,0.0,0.0,0.0,0.0,0.0,8.0,0.0,0.0,3.0,0.0,0.0,0.0,0.0,0.0,0.0,0.0,0.0,0.0,0.0,0.0,0.0,0.0,0.0,0.0,0.0,0.0,0.0,0.0,0.0,0.0,0.0,0.0,0.0,0.0,0.0,0.0,0.0,0.0,0.0,0.0,0.0,0.0,0.0,0.0,0.0,0.0,0.0,0.0,0.0,0.0,0.0,0.0,0.0,0.0,0.0,0.0,0.0,0.0,0.0,0.0,0.0,0.0,0.0,0.0,0.0,0.0,0.0,0.0,0.0,0.0,0.0,0.0,0.0,0.0,0.0,0.0,0.0,0.0,0.0,0.0,0.0
g__Eggerthia,0.0,0.0,0.0,5.0,0.0,0.0,1249.0,0.0,3.0,0.0,11.0,0.0,0.0,0.0,18.0,0.0,0.0,9.0,25.0,0.0,4.0,26.0,0.0,0.0,0.0,11.0,0.0,89.0,32.0,14.0,0.0,0.0,2.0,3.0,0.0,0.0,15.0,6.0,2.0,0.0,0.0,5.0,0.0,0.0,10.0,0.0,8.0,0.0,0.0,0.0,0.0,7.0,0.0,0.0,0.0,6.0,2.0,2.0,0.0,2.0,0.0,0.0,0.0,0.0,0.0,3.0,0.0,6.0,39.0,0.0,0.0,3.0,0.0,58.0,0.0,0.0,0.0,2.0,0.0,13.0,0.0,0.0,38.0,0.0,0.0,0.0,0.0,54.0,0.0,0.0,19.0,0.0,37.0,0.0,0.0,0.0,0.0,0.0,6.0,0.0,0.0
g__Eikenella,57.0,1152.0,15.0,7.0,11.0,115.0,4.0,4.0,368.0,25.0,44.0,53.0,51.0,14.0,68.0,0.0,2.0,19.0,25.0,11.0,29.0,184.0,17.0,139.0,23.0,18.0,136.0,28.0,37.0,12.0,55.0,3.0,335.0,52.0,113.0,413.0,64.0,77.0,172.0,47.0,32.0,16.0,99.0,453.0,7.0,388.0,15.0,29.0,440.0,83.0,1194.0,10.0,11.0,3.0,270.0,41.0,63.0,104.0,71.0,14.0,628.0,44.0,1.0,76.0,246.0,5.0,9.0,46.0,120.0,45.0,150.0,11.0,276.0,101.0,4.0,12.0,76.0,35.0,66.0,5.0,204.0,387.0,51.0,67.0,48.0,40.0,130.0,223.0,37.0,22.0,190.0,139.0,8.0,11.0,21.0,60.0,46.0,391.0,17.0,35.0,20.0
g__Enhydrobacter,0.0,0.0,0.0,0.0,0.0,0.0,3.0,0.0,0.0,0.0,0.0,0.0,0.0,0.0,0.0,0.0,0.0,0.0,0.0,0.0,0.0,2.0,0.0,0.0,0.0,0.0,0.0,0.0,0.0,0.0,0.0,0.0,0.0,0.0,0.0,0.0,0.0,0.0,0.0,0.0,0.0,0.0,0.0,0.0,5.0,0.0,0.0,0.0,0.0,0.0,0.0,0.0,0.0,0.0,0.0,0.0,0.0,3.0,4.0,0.0,0.0,0.0,0.0,0.0,0.0,0.0,2.0,0.0,0.0,0.0,0.0,0.0,2.0,0.0,0.0,0.0,0.0,0.0,0.0,0.0,3.0,0.0,0.0,0.0,0.0,5.0,0.0,14.0,0.0,0.0,2.0,3.0,0.0,0.0,0.0,6.0,0.0,0.0,0.0,8.0,0.0
g__Erysipelotrichaceae_UCG_006,2.0,25.0,8.0,0.0,0.0,0.0,60.0,0.0,0.0,0.0,3.0,5.0,0.0,0.0,3.0,0.0,0.0,12.0,16.0,7.0,63.0,20.0,6.0,0.0,2.0,0.0,0.0,5.0,33.0,4.0,0.0,0.0,0.0,2.0,3.0,6.0,7.0,2.0,4.0,3.0,0.0,5.0,0.0,0.0,19.0,4.0,70.0,6.0,0.0,2.0,19.0,6.0,0.0,0.0,2.0,3.0,0.0,19.0,0.0,4.0,13.0,0.0,0.0,0.0,0.0,0.0,0.0,0.0,0.0,0.0,0.0,0.0,22.0,5.0,0.0,8.0,0.0,6.0,4.0,1.0,0.0,3.0,6.0,16.0,0.0,0.0,0.0,51.0,4.0,5.0,0.0,0.0,7.0,0.0,5.0,0.0,2.0,0.0,2.0,0.0,0.0
g__Escherichia_Shigella,0.0,0.0,7.0,0.0,0.0,3.0,4.0,5.0,2.0,14.0,0.0,0.0,0.0,0.0,33.0,0.0,27.0,0.0,0.0,0.0,0.0,3.0,2.0,3.0,0.0,9.0,7.0,19.0,4.0,0.0,2.0,2.0,2.0,0.0,0.0,0.0,0.0,8.0,7.0,2.0,2.0,0.0,4.0,0.0,7.0,3.0,0.0,2.0,0.0,3.0,3.0,0.0,35.0,0.0,0.0,0.0,0.0,24.0,5.0,0.0,63.0,14.0,2.0,0.0,5.0,10.0,0.0,17.0,5.0,0.0,0.0,0.0,2.0,0.0,2.0,0.0,0.0,8.0,0.0,0.0,4.0,0.0,0.0,3.0,0.0,9.0,13.0,11.0,3.0,0.0,14.0,2.0,3.0,0.0,2.0,3.0,0.0,0.0,2.0,8.0,0.0
g__Eubacterium_brachy_group,9.0,94.0,4.0,7.0,21.0,10.0,356.0,24.0,42.0,13.0,40.0,118.0,6.0,53.0,10.0,6.0,0.0,6.0,86.0,20.0,56.0,57.0,69.0,4.0,8.0,7.0,25.0,73.0,43.0,52.0,22.0,7.0,162.0,10.0,54.0,58.0,119.0,58.0,70.0,13.0,10.0,35.0,15.0,21.0,55.0,25.0,242.0,40.0,38.0,17.0,21.0,39.0,1.0,0.0,8.0,27.0,51.0,43.0,30.0,2.0,0.0,24.0,4.0,2.0,12.0,8.0,29.0,91.0,261.0,26.0,24.0,9.0,22.0,99.0,0.0,19.0,14.0,7.0,35.0,61.0,27.0,14.0,18.0,58.0,85.0,19.0,61.0,351.0,5.0,18.0,159.0,37.0,257.0,18.0,0.0,60.0,57.0,10.0,52.0,10.0,2.0
g__Eubacterium_nodatum_group,44.0,84.0,18.0,27.0,95.0,8.0,330.0,24.0,2.0,6.0,12.0,72.0,29.0,117.0,5.0,0.0,8.0,109.0,80.0,140.0,25.0,92.0,35.0,175.0,170.0,13.0,0.0,51.0,50.0,78.0,72.0,0.0,133.0,68.0,35.0,27.0,34.0,23.0,64.0,10.0,42.0,91.0,2.0,6.0,15.0,11.0,120.0,5.0,23.0,23.0,14.0,12.0,4.0,0.0,38.0,98.0,49.0,18.0,11.0,74.0,18.0,23.0,0.0,121.0,7.0,7.0,51.0,61.0,104.0,4.0,3.0,32.0,18.0,97.0,85.0,5.0,229.0,30.0,105.0,77.0,5.0,7.0,111.0,41.0,159.0,17.0,46.0,89.0,4.0,68.0,27.0,18.0,7.0,1.0,7.0,7.0,40.0,6.0,79.0,17.0,55.0
g__Eubacterium_saphenum_group,0.0,75.0,0.0,0.0,7.0,3.0,0.0,0.0,22.0,2.0,85.0,0.0,0.0,0.0,19.0,0.0,0.0,0.0,0.0,0.0,0.0,113.0,9.0,2.0,2.0,4.0,0.0,37.0,0.0,0.0,0.0,0.0,0.0,7.0,0.0,38.0,82.0,0.0,11.0,3.0,0.0,0.0,8.0,19.0,0.0,7.0,0.0,0.0,62.0,0.0,0.0,0.0,0.0,0.0,4.0,6.0,0.0,0.0,28.0,0.0,0.0,0.0,0.0,0.0,5.0,0.0,2.0,198.0,44.0,0.0,13.0,0.0,7.0,90.0,0.0,0.0,12.0,0.0,0.0,14.0,2.0,0.0,47.0,8.0,0.0,8.0,0.0,0.0,0.0,0.0,89.0,24.0,5.0,0.0,0.0,0.0,0.0,0.0,35.0,3.0,0.0
g__Eubacterium_yurii_group,0.0,0.0,0.0,0.0,1.0,33.0,0.0,0.0,0.0,0.0,0.0,0.0,1.0,0.0,0.0,0.0,0.0,3.0,0.0,0.0,0.0,4.0,0.0,0.0,0.0,2.0,0.0,2.0,5.0,0.0,3.0,0.0,5.0,4.0,0.0,0.0,0.0,0.0,96.0,0.0,0.0,21.0,10.0,0.0,3.0,318.0,0.0,4.0,2.0,25.0,0.0,0.0,0.0,0.0,53.0,2.0,11.0,0.0,15.0,1.0,0.0,0.0,0.0,0.0,272.0,0.0,2.0,11.0,23.0,0.0,0.0,0.0,0.0,4.0,0.0,0.0,0.0,2.0,9.0,1.0,0.0,0.0,1.0,3.0,0.0,3.0,0.0,0.0,0.0,2.0,16.0,0.0,0.0,0.0,0.0,0.0,0.0,0.0,2.0,0.0,0.0
g__F0058,102.0,457.0,8.0,89.0,25.0,17.0,3.0,161.0,58.0,144.0,42.0,129.0,7.0,433.0,35.0,4.0,19.0,80.0,6.0,9.0,190.0,535.0,32.0,228.0,7.0,12.0,80.0,79.0,695.0,126.0,104.0,181.0,226.0,56.0,62.0,389.0,151.0,196.0,3599.0,3.0,195.0,51.0,879.0,197.0,341.0,2084.0,344.0,197.0,78.0,71.0,1312.0,206.0,393.0,0.0,17.0,50.0,400.0,40.0,851.0,117.0,531.0,122.0,4.0,201.0,1885.0,196.0,12.0,118.0,896.0,32.0,24.0,71.0,21.0,153.0,9.0,20.0,134.0,122.0,352.0,65.0,179.0,529.0,73.0,161.0,78.0,52.0,58.0,2402.0,9.0,379.0,142.0,288.0,612.0,45.0,0.0,381.0,100.0,8.0,63.0,235.0,22.0
g__F0332,131.0,377.0,21.0,29.0,16.0,1988.0,167.0,21.0,1363.0,4068.0,43.0,131.0,137.0,39.0,17.0,7.0,20.0,128.0,271.0,48.0,1164.0,122.0,51.0,229.0,29.0,767.0,2052.0,3864.0,449.0,37.0,33.0,3912.0,622.0,8.0,80.0,1034.0,35.0,2866.0,417.0,8535.0,10.0,49.0,26.0,5.0,122.0,1168.0,100.0,47.0,10.0,55.0,260.0,206.0,3.0,3.0,1296.0,61.0,118.0,682.0,870.0,33.0,161.0,1977.0,9.0,8.0,324.0,88.0,25.0,306.0,100.0,232.0,1355.0,283.0,118.0,163.0,5.0,451.0,86.0,130.0,48.0,8.0,874.0,3047.0,61.0,1446.0,155.0,11.0,121.0,62.0,1013.0,36.0,914.0,54.0,14.0,5.0,10.0,17.0,151.0,8457.0,188.0,655.0,49.0
g__F082,0.0,0.0,0.0,0.0,0.0,0.0,0.0,0.0,0.0,0.0,0.0,0.0,6.0,0.0,0.0,0.0,0.0,0.0,0.0,0.0,0.0,0.0,0.0,0.0,0.0,0.0,0.0,0.0,0.0,0.0,0.0,0.0,0.0,0.0,0.0,0.0,0.0,0.0,0.0,0.0,0.0,0.0,0.0,0.0,0.0,0.0,0.0,0.0,0.0,0.0,0.0,0.0,0.0,0.0,0.0,0.0,0.0,0.0,0.0,0.0,0.0,0.0,0.0,0.0,0.0,0.0,0.0,0.0,0.0,0.0,0.0,0.0,0.0,0.0,0.0,0.0,40.0,0.0,0.0,0.0,0.0,0.0,0.0,0.0,0.0,0.0,0.0,0.0,0.0,0.0,0.0,0.0,0.0,0.0,0.0,0.0,0.0,0.0,0.0,3.0,0.0
g__Family_XIII_UCG_001,0.0,30.0,0.0,0.0,1.0,0.0,0.0,0.0,0.0,0.0,3.0,0.0,0.0,0.0,5.0,0.0,0.0,0.0,0.0,0.0,13.0,11.0,0.0,0.0,3.0,0.0,0.0,6.0,3.0,0.0,0.0,0.0,3.0,0.0,0.0,3.0,0.0,0.0,6.0,0.0,0.0,0.0,0.0,13.0,5.0,0.0,10.0,5.0,1.0,0.0,9.0,1.0,0.0,0.0,0.0,0.0,0.0,10.0,0.0,0.0,0.0,0.0,0.0,0.0,2.0,0.0,0.0,9.0,8.0,0.0,0.0,0.0,31.0,1.0,0.0,0.0,0.0,0.0,3.0,0.0,0.0,0.0,0.0,6.0,0.0,0.0,0.0,2.0,0.0,0.0,3.0,4.0,14.0,0.0,0.0,0.0,2.0,0.0,0.0,0.0,0.0
g__Faucicola,0.0,113.0,0.0,0.0,7.0,0.0,0.0,0.0,0.0,0.0,0.0,0.0,0.0,0.0,0.0,0.0,0.0,0.0,0.0,369.0,0.0,0.0,0.0,0.0,0.0,0.0,0.0,0.0,0.0,0.0,0.0,0.0,0.0,12.0,0.0,0.0,0.0,0.0,0.0,0.0,0.0,0.0,0.0,0.0,0.0,0.0,0.0,13.0,0.0,0.0,0.0,0.0,0.0,0.0,0.0,5.0,0.0,0.0,0.0,0.0,0.0,0.0,0.0,0.0,8.0,0.0,0.0,0.0,0.0,0.0,0.0,0.0,6.0,0.0,0.0,0.0,0.0,0.0,0.0,0.0,0.0,0.0,0.0,54.0,9.0,0.0,10.0,0.0,0.0,0.0,0.0,0.0,0.0,0.0,0.0,0.0,0.0,0.0,0.0,0.0,0.0
g__Fenollaria,0.0,0.0,0.0,0.0,0.0,0.0,46.0,0.0,0.0,0.0,0.0,0.0,0.0,0.0,0.0,0.0,0.0,0.0,0.0,0.0,0.0,0.0,0.0,0.0,0.0,0.0,0.0,0.0,0.0,0.0,0.0,0.0,0.0,0.0,0.0,0.0,0.0,0.0,0.0,0.0,0.0,0.0,0.0,0.0,0.0,0.0,0.0,0.0,0.0,0.0,0.0,0.0,0.0,0.0,0.0,0.0,0.0,0.0,0.0,0.0,0.0,0.0,0.0,0.0,0.0,0.0,0.0,0.0,0.0,0.0,0.0,0.0,0.0,0.0,0.0,0.0,0.0,0.0,0.0,0.0,0.0,0.0,0.0,0.0,0.0,0.0,0.0,0.0,0.0,0.0,0.0,0.0,0.0,0.0,0.0,0.0,0.0,0.0,0.0,0.0,0.0
g__Filifactor,0.0,196.0,0.0,3.0,13.0,4.0,0.0,0.0,0.0,0.0,34.0,55.0,0.0,3.0,19.0,2.0,0.0,10.0,2.0,13.0,2.0,0.0,7.0,3.0,1.0,0.0,0.0,0.0,0.0,0.0,20.0,0.0,460.0,30.0,0.0,2.0,6.0,10.0,17.0,0.0,0.0,57.0,5.0,0.0,2.0,8.0,0.0,2.0,0.0,5.0,22.0,0.0,0.0,0.0,4.0,30.0,2.0,4.0,103.0,0.0,4.0,0.0,2.0,0.0,10.0,0.0,7.0,110.0,88.0,3.0,2.0,0.0,90.0,90.0,0.0,14.0,0.0,0.0,0.0,49.0,13.0,20.0,0.0,25.0,0.0,3.0,0.0,1.0,5.0,0.0,108.0,6.0,360.0,0.0,0.0,0.0,34.0,4.0,85.0,0.0,0.0
g__Flexilinea,0.0,13.0,0.0,3.0,0.0,0.0,5.0,0.0,2.0,2.0,2.0,0.0,3.0,0.0,0.0,0.0,0.0,0.0,2.0,2.0,4.0,22.0,0.0,2.0,0.0,0.0,0.0,16.0,0.0,0.0,0.0,0.0,19.0,0.0,0.0,10.0,0.0,0.0,17.0,0.0,2.0,2.0,0.0,7.0,75.0,0.0,15.0,1.0,1.0,0.0,0.0,2.0,0.0,0.0,0.0,0.0,2.0,11.0,2.0,0.0,0.0,0.0,0.0,0.0,0.0,0.0,0.0,3.0,1.0,0.0,0.0,0.0,0.0,0.0,89.0,0.0,5.0,0.0,3.0,0.0,0.0,0.0,4.0,3.0,0.0,0.0,0.0,13.0,0.0,2.0,2.0,0.0,0.0,2.0,0.0,0.0,0.0,0.0,4.0,9.0,0.0
g__Fretibacterium,2.0,444.0,0.0,8.0,12.0,2.0,449.0,16.0,46.0,9.0,52.0,24.0,7.0,27.0,27.0,2.0,18.0,7.0,77.0,23.0,43.0,136.0,23.0,17.0,9.0,4.0,6.0,109.0,14.0,14.0,6.0,22.0,68.0,14.0,20.0,66.0,71.0,0.0,283.0,21.0,2.0,19.0,75.0,99.0,98.0,42.0,276.0,25.0,80.0,13.0,73.0,47.0,4.0,0.0,7.0,15.0,18.0,70.0,34.0,5.0,7.0,21.0,0.0,7.0,17.0,15.0,11.0,91.0,172.0,12.0,6.0,6.0,386.0,71.0,422.0,10.0,8.0,3.0,14.0,19.0,10.0,7.0,60.0,40.0,22.0,18.0,3.0,157.0,0.0,4.0,66.0,32.0,139.0,15.0,0.0,19.0,24.0,2.0,31.0,7.0,0.0
g__Fusobacterium,476.0,1794.0,91.0,1363.0,420.0,550.0,1074.0,634.0,1203.0,294.0,640.0,1383.0,657.0,962.0,690.0,160.0,116.0,675.0,656.0,492.0,449.0,1111.0,203.0,1898.0,168.0,149.0,435.0,569.0,351.0,777.0,1791.0,397.0,1375.0,868.0,1111.0,1033.0,1271.0,657.0,675.0,424.0,173.0,1616.0,181.0,1286.0,1011.0,1145.0,724.0,293.0,580.0,624.0,747.0,836.0,180.0,38.0,687.0,1828.0,691.0,781.0,659.0,729.0,467.0,578.0,38.0,1851.0,1033.0,162.0,491.0,457.0,384.0,294.0,491.0,292.0,2318.0,2317.0,2712.0,150.0,1434.0,257.0,700.0,1179.0,380.0,1567.0,718.0,585.0,1562.0,204.0,615.0,2619.0,532.0,863.0,968.0,414.0,1163.0,135.0,243.0,352.0,476.0,528.0,683.0,752.0,205.0
g__Gardnerella,0.0,0.0,0.0,0.0,0.0,0.0,0.0,0.0,0.0,0.0,0.0,0.0,0.0,0.0,0.0,0.0,0.0,0.0,0.0,0.0,0.0,0.0,0.0,0.0,0.0,0.0,0.0,0.0,2.0,0.0,0.0,0.0,0.0,0.0,0.0,0.0,0.0,0.0,3.0,0.0,0.0,0.0,0.0,0.0,0.0,0.0,0.0,0.0,0.0,0.0,2.0,0.0,0.0,0.0,0.0,0.0,0.0,2.0,0.0,0.0,6.0,4.0,0.0,0.0,0.0,0.0,0.0,0.0,2.0,0.0,0.0,0.0,0.0,0.0,0.0,0.0,0.0,0.0,19.0,0.0,0.0,0.0,0.0,0.0,0.0,4.0,13.0,0.0,0.0,0.0,0.0,0.0,0.0,0.0,0.0,0.0,0.0,0.0,0.0,0.0,0.0
g__Gemella,1755.0,6059.0,625.0,959.0,1838.0,2320.0,1683.0,259.0,2663.0,241.0,2387.0,4190.0,864.0,2120.0,1797.0,90.0,114.0,454.0,1796.0,2124.0,10198.0,3351.0,1819.0,5224.0,2850.0,22884.0,9614.0,577.0,2266.0,1665.0,5203.0,56.0,2337.0,2664.0,6877.0,2254.0,6479.0,346.0,1109.0,383.0,2237.0,6447.0,1178.0,189.0,248.0,2368.0,595.0,350.0,2041.0,4421.0,1866.0,665.0,9646.0,39.0,3161.0,2733.0,4284.0,72.0,374.0,832.0,1167.0,3966.0,44.0,2196.0,3519.0,9984.0,1065.0,298.0,1027.0,469.0,1942.0,4482.0,1429.0,2376.0,135.0,28157.0,4270.0,1693.0,1745.0,6942.0,7075.0,5808.0,1406.0,1978.0,2417.0,4922.0,1898.0,523.0,8214.0,1433.0,11660.0,2577.0,12028.0,74.0,808.0,1370.0,2355.0,9203.0,1452.0,1372.0,1145.0
g__Granulicatella,4734.0,3074.0,634.0,955.0,4671.0,558.0,300.0,93.0,1462.0,965.0,10896.0,3551.0,2958.0,4519.0,1193.0,1551.0,620.0,1533.0,2478.0,1986.0,3561.0,3671.0,5552.0,5602.0,3209.0,5186.0,1765.0,515.0,712.0,3053.0,2910.0,66.0,362.0,2143.0,7055.0,817.0,4290.0,588.0,574.0,1719.0,3807.0,3062.0,642.0,328.0,526.0,454.0,2608.0,2005.0,1119.0,6960.0,996.0,572.0,319.0,45.0,1560.0,3544.0,6704.0,283.0,651.0,2878.0,517.0,1472.0,652.0,2183.0,1764.0,1305.0,1821.0,1475.0,3488.0,342.0,870.0,8963.0,487.0,6376.0,806.0,3062.0,6666.0,1372.0,2487.0,5921.0,3353.0,4147.0,1751.0,2654.0,4780.0,254.0,971.0,779.0,3242.0,2315.0,834.0,2427.0,308.0,454.0,836.0,1668.0,3567.0,1784.0,2351.0,994.0,1916.0
g__Haemophilus,4063.0,3922.0,3005.0,8152.0,3026.0,4874.0,4860.0,90.0,11333.0,33542.0,10863.0,6305.0,3722.0,3743.0,63961.0,3675.0,475.0,1856.0,14268.0,4540.0,23383.0,2633.0,9271.0,16152.0,7916.0,13124.0,12443.0,2599.0,5430.0,12014.0,5272.0,115.0,1319.0,4351.0,10726.0,4446.0,4212.0,1387.0,13319.0,24770.0,3048.0,6784.0,2392.0,84.0,629.0,8059.0,6382.0,3339.0,1121.0,7203.0,6479.0,247.0,582.0,94.0,10910.0,3839.0,5620.0,4495.0,6639.0,4055.0,3992.0,11657.0,7034.0,11675.0,24407.0,1616.0,3882.0,6230.0,9955.0,1389.0,4802.0,3689.0,14216.0,7956.0,277.0,23637.0,7749.0,5915.0,8411.0,10025.0,3309.0,11680.0,1350.0,8522.0,15178.0,12078.0,50866.0,8423.0,2085.0,3248.0,15239.0,500.0,25183.0,3930.0,121.0,760.0,3303.0,4548.0,4519.0,9905.0,3653.0
g__Halomonas,0.0,0.0,0.0,0.0,0.0,0.0,0.0,0.0,0.0,0.0,0.0,0.0,0.0,0.0,0.0,0.0,7.0,0.0,0.0,0.0,0.0,0.0,0.0,0.0,0.0,2.0,0.0,1.0,0.0,0.0,0.0,0.0,0.0,0.0,0.0,0.0,0.0,0.0,0.0,2.0,0.0,0.0,0.0,0.0,0.0,0.0,0.0,0.0,0.0,0.0,0.0,0.0,4.0,0.0,0.0,0.0,0.0,0.0,5.0,0.0,0.0,0.0,0.0,0.0,2.0,0.0,0.0,0.0,0.0,0.0,0.0,0.0,0.0,0.0,0.0,2.0,0.0,0.0,0.0,0.0,4.0,0.0,0.0,0.0,0.0,0.0,3.0,6.0,2.0,0.0,0.0,0.0,0.0,0.0,0.0,0.0,0.0,0.0,0.0,3.0,0.0
g__Herbaspirillum,0.0,0.0,0.0,0.0,0.0,3.0,0.0,0.0,0.0,20.0,0.0,0.0,0.0,0.0,7.0,0.0,0.0,0.0,0.0,0.0,0.0,0.0,0.0,0.0,0.0,2.0,2.0,5.0,0.0,0.0,0.0,0.0,0.0,0.0,0.0,0.0,0.0,2.0,2.0,0.0,0.0,0.0,0.0,0.0,4.0,0.0,0.0,0.0,0.0,0.0,0.0,0.0,0.0,0.0,0.0,0.0,0.0,16.0,8.0,0.0,3.0,0.0,0.0,0.0,0.0,0.0,0.0,13.0,2.0,0.0,0.0,0.0,2.0,0.0,0.0,0.0,0.0,0.0,0.0,0.0,0.0,0.0,0.0,0.0,0.0,0.0,5.0,2.0,0.0,0.0,0.0,0.0,0.0,0.0,0.0,0.0,0.0,0.0,0.0,0.0,0.0
g__Howardella,0.0,3.0,1.0,0.0,0.0,0.0,0.0,60.0,0.0,0.0,0.0,0.0,0.0,1.0,0.0,0.0,0.0,2.0,0.0,0.0,0.0,4.0,0.0,0.0,0.0,0.0,0.0,0.0,0.0,0.0,0.0,0.0,0.0,9.0,0.0,3.0,0.0,0.0,2.0,0.0,0.0,4.0,0.0,7.0,0.0,0.0,2.0,1.0,5.0,0.0,2.0,0.0,0.0,0.0,0.0,0.0,0.0,0.0,2.0,0.0,0.0,0.0,0.0,0.0,0.0,0.0,2.0,0.0,6.0,0.0,0.0,0.0,0.0,0.0,0.0,0.0,1.0,0.0,0.0,0.0,0.0,3.0,0.0,2.0,0.0,0.0,0.0,0.0,0.0,0.0,0.0,5.0,0.0,0.0,0.0,21.0,0.0,0.0,0.0,4.0,0.0
g__JGI_0000069_P22,0.0,68.0,0.0,0.0,0.0,0.0,2.0,0.0,0.0,0.0,4.0,1.0,7.0,1.0,1.0,0.0,0.0,0.0,0.0,0.0,0.0,37.0,0.0,0.0,6.0,0.0,0.0,1.0,0.0,0.0,0.0,0.0,2.0,2.0,0.0,372.0,0.0,0.0,24.0,0.0,0.0,0.0,5.0,0.0,0.0,114.0,0.0,0.0,0.0,15.0,0.0,0.0,0.0,0.0,146.0,11.0,0.0,2.0,16.0,0.0,0.0,0.0,0.0,0.0,4.0,8.0,0.0,0.0,4.0,0.0,0.0,30.0,7.0,6.0,2.0,11.0,0.0,0.0,7.0,0.0,0.0,80.0,0.0,0.0,13.0,0.0,1.0,0.0,0.0,2.0,47.0,0.0,0.0,0.0,0.0,0.0,5.0,28.0,16.0,0.0,0.0
g__Johnsonella,4.0,59.0,3.0,12.0,3.0,37.0,0.0,0.0,34.0,11.0,40.0,15.0,3.0,0.0,43.0,0.0,0.0,3.0,3.0,0.0,3.0,14.0,4.0,2.0,4.0,3.0,8.0,9.0,6.0,0.0,17.0,0.0,74.0,39.0,10.0,232.0,14.0,2.0,43.0,13.0,0.0,12.0,0.0,0.0,3.0,171.0,0.0,2.0,0.0,22.0,0.0,0.0,2.0,0.0,17.0,266.0,1.0,0.0,7.0,2.0,0.0,0.0,0.0,0.0,144.0,2.0,2.0,17.0,34.0,5.0,7.0,1.0,6.0,524.0,4.0,2.0,0.0,14.0,5.0,0.0,14.0,129.0,1.0,12.0,0.0,0.0,0.0,0.0,13.0,11.0,31.0,4.0,0.0,1.0,25.0,0.0,0.0,2.0,5.0,0.0,1.0
g__Kingella,71.0,8.0,1286.0,65.0,63.0,3611.0,122.0,8.0,505.0,5693.0,150.0,19.0,177.0,79.0,228.0,70.0,1310.0,110.0,1088.0,59.0,187.0,279.0,39.0,205.0,110.0,279.0,1140.0,376.0,132.0,94.0,91.0,60.0,72.0,6.0,9.0,1555.0,86.0,1439.0,57.0,691.0,11.0,28.0,2181.0,928.0,109.0,137.0,223.0,266.0,1181.0,40.0,2242.0,550.0,8.0,40.0,1592.0,29.0,243.0,679.0,1481.0,62.0,1220.0,446.0,1295.0,63.0,421.0,53.0,133.0,1189.0,45.0,13.0,206.0,151.0,59.0,97.0,548.0,214.0,131.0,211.0,39.0,67.0,47.0,300.0,83.0,943.0,45.0,128.0,77.0,2854.0,33.0,50.0,5992.0,396.0,22.0,29.0,370.0,25.0,232.0,1437.0,231.0,349.0,171.0
g__Lachnoanaerobaculum,241.0,128.0,103.0,224.0,266.0,134.0,38.0,137.0,92.0,49.0,262.0,170.0,434.0,402.0,46.0,234.0,118.0,504.0,132.0,282.0,90.0,224.0,201.0,109.0,285.0,80.0,33.0,78.0,84.0,3572.0,316.0,11.0,30.0,189.0,290.0,50.0,220.0,192.0,154.0,88.0,356.0,166.0,36.0,7.0,43.0,352.0,326.0,348.0,17.0,92.0,275.0,206.0,27.0,15.0,123.0,259.0,186.0,75.0,25.0,305.0,135.0,105.0,21.0,697.0,58.0,32.0,215.0,118.0,77.0,63.0,40.0,428.0,90.0,234.0,129.0,39.0,440.0,89.0,340.0,108.0,35.0,361.0,186.0,102.0,160.0,35.0,75.0,493.0,135.0,322.0,87.0,57.0,16.0,265.0,81.0,99.0,209.0,139.0,232.0,97.0,332.0
g__Lachnospiraceae_NK3A20_group,0.0,0.0,0.0,0.0,0.0,0.0,0.0,0.0,0.0,0.0,0.0,0.0,5.0,0.0,0.0,0.0,0.0,0.0,0.0,0.0,0.0,0.0,0.0,0.0,0.0,0.0,0.0,0.0,0.0,0.0,0.0,0.0,0.0,0.0,0.0,0.0,0.0,0.0,0.0,0.0,0.0,0.0,0.0,0.0,0.0,0.0,0.0,0.0,0.0,0.0,0.0,0.0,0.0,0.0,0.0,0.0,0.0,46.0,0.0,0.0,0.0,0.0,0.0,0.0,0.0,0.0,0.0,0.0,0.0,0.0,0.0,0.0,0.0,0.0,0.0,0.0,0.0,0.0,0.0,0.0,0.0,0.0,0.0,0.0,0.0,0.0,0.0,0.0,0.0,0.0,0.0,0.0,0.0,8.0,0.0,0.0,0.0,0.0,0.0,0.0,0.0
g__Lactobacillus,35.0,6.0,4197.0,5.0,49.0,27.0,28.0,9530.0,1914.0,27.0,27.0,14.0,260.0,2.0,5.0,494.0,1417.0,12.0,73.0,577.0,48.0,22.0,164.0,44.0,17.0,28.0,20.0,12.0,177.0,56.0,17.0,26157.0,0.0,0.0,32.0,13.0,8.0,15.0,38.0,29.0,587.0,9.0,28.0,1080.0,6237.0,8.0,184.0,1256.0,6669.0,48.0,55.0,2631.0,47.0,15854.0,9.0,3.0,221.0,560.0,926.0,58.0,23.0,39.0,58.0,0.0,13.0,32.0,30.0,38.0,99.0,23.0,4564.0,1748.0,16.0,19.0,524.0,22.0,371.0,112.0,130.0,12.0,2.0,9.0,4.0,411.0,2.0,60.0,440.0,41.0,2.0,111.0,21.0,3265.0,9.0,61.0,15257.0,52299.0,316.0,74.0,351.0,45.0,25.0
g__Lactococcus,0.0,5.0,0.0,0.0,2.0,0.0,0.0,0.0,0.0,0.0,0.0,0.0,0.0,5.0,0.0,0.0,0.0,0.0,0.0,0.0,0.0,3.0,0.0,5.0,0.0,0.0,0.0,0.0,0.0,0.0,0.0,10.0,0.0,0.0,0.0,0.0,0.0,0.0,0.0,0.0,51.0,2.0,0.0,0.0,69.0,0.0,0.0,85.0,0.0,0.0,0.0,33.0,7.0,0.0,0.0,0.0,0.0,0.0,0.0,0.0,0.0,12.0,0.0,0.0,0.0,0.0,0.0,0.0,0.0,0.0,0.0,0.0,0.0,0.0,0.0,0.0,0.0,0.0,0.0,0.0,0.0,0.0,0.0,0.0,0.0,0.0,0.0,0.0,0.0,0.0,0.0,0.0,0.0,0.0,3.0,8.0,0.0,0.0,0.0,0.0,0.0
g__Lautropia,119.0,544.0,17.0,169.0,215.0,235.0,39.0,27.0,12.0,9517.0,473.0,494.0,172.0,66.0,820.0,238.0,8.0,552.0,676.0,43.0,1815.0,512.0,2398.0,1616.0,64.0,1329.0,6591.0,220.0,58.0,110.0,133.0,40.0,37.0,64.0,226.0,6659.0,44.0,1515.0,280.0,20639.0,20.0,425.0,368.0,18.0,107.0,400.0,1460.0,526.0,0.0,1005.0,598.0,208.0,12.0,8.0,3093.0,125.0,328.0,154.0,2056.0,35.0,14107.0,671.0,26259.0,141.0,397.0,394.0,36.0,6156.0,1979.0,2728.0,41.0,903.0,170.0,586.0,19.0,847.0,504.0,37.0,103.0,26.0,341.0,8358.0,56.0,2632.0,409.0,26.0,475.0,3068.0,10423.0,67.0,2358.0,39.0,31.0,19.0,14.0,3341.0,404.0,2577.0,905.0,977.0,32.0
g__Lentimicrobium,0.0,155.0,0.0,83.0,21.0,2.0,0.0,113.0,76.0,58.0,8.0,8.0,6.0,0.0,11.0,0.0,0.0,53.0,0.0,3.0,13.0,328.0,0.0,0.0,17.0,0.0,0.0,80.0,414.0,0.0,8.0,0.0,21.0,31.0,36.0,457.0,0.0,8.0,94.0,2.0,71.0,0.0,21.0,71.0,41.0,191.0,7.0,9.0,29.0,2.0,34.0,0.0,565.0,0.0,18.0,37.0,3.0,10.0,73.0,82.0,2.0,0.0,0.0,0.0,4.0,0.0,6.0,9.0,12.0,18.0,28.0,0.0,220.0,192.0,2.0,14.0,105.0,82.0,16.0,45.0,6.0,0.0,17.0,35.0,0.0,12.0,0.0,0.0,2.0,145.0,183.0,186.0,97.0,2.0,0.0,0.0,72.0,2.0,3.0,181.0,0.0
g__Leptotrichia,907.0,1309.0,473.0,1962.0,829.0,1137.0,221.0,783.0,947.0,776.0,425.0,974.0,2279.0,507.0,531.0,493.0,280.0,828.0,943.0,1136.0,708.0,1551.0,2126.0,466.0,1742.0,803.0,476.0,550.0,861.0,934.0,1586.0,155.0,183.0,1367.0,6220.0,1411.0,812.0,276.0,776.0,1328.0,50.0,1214.0,504.0,1678.0,196.0,1989.0,554.0,3662.0,1486.0,439.0,1018.0,594.0,32.0,377.0,1184.0,1441.0,409.0,836.0,464.0,2032.0,571.0,491.0,386.0,687.0,1387.0,1689.0,399.0,649.0,481.0,2244.0,599.0,1434.0,646.0,1702.0,128.0,630.0,1575.0,364.0,1472.0,129.0,362.0,2245.0,1711.0,719.0,472.0,108.0,218.0,188.0,1874.0,4468.0,2085.0,1351.0,41.0,6748.0,1314.0,1052.0,2765.0,1695.0,2040.0,1137.0,860.0
g__Leuconostoc,0.0,0.0,0.0,0.0,0.0,0.0,0.0,0.0,0.0,0.0,0.0,0.0,0.0,0.0,0.0,0.0,0.0,0.0,0.0,0.0,0.0,0.0,0.0,0.0,0.0,0.0,0.0,0.0,0.0,10.0,0.0,0.0,0.0,0.0,0.0,0.0,0.0,0.0,0.0,0.0,0.0,0.0,0.0,0.0,0.0,0.0,0.0,0.0,0.0,0.0,0.0,0.0,0.0,0.0,0.0,0.0,0.0,0.0,0.0,0.0,0.0,0.0,0.0,0.0,0.0,0.0,0.0,0.0,0.0,0.0,2.0,0.0,0.0,0.0,0.0,0.0,0.0,0.0,0.0,0.0,0.0,0.0,0.0,0.0,0.0,0.0,0.0,0.0,0.0,0.0,0.0,0.0,0.0,0.0,0.0,0.0,0.0,0.0,0.0,0.0,0.0
g__Massilia,0.0,0.0,0.0,0.0,0.0,0.0,0.0,0.0,0.0,0.0,0.0,0.0,0.0,0.0,0.0,0.0,8.0,0.0,0.0,0.0,0.0,0.0,0.0,0.0,0.0,0.0,0.0,0.0,2.0,0.0,0.0,0.0,0.0,0.0,0.0,0.0,0.0,0.0,2.0,0.0,0.0,0.0,0.0,0.0,4.0,0.0,0.0,0.0,0.0,0.0,0.0,0.0,2.0,0.0,0.0,0.0,0.0,14.0,0.0,0.0,0.0,3.0,0.0,0.0,0.0,0.0,0.0,0.0,0.0,0.0,0.0,0.0,0.0,0.0,0.0,0.0,0.0,2.0,0.0,0.0,0.0,0.0,0.0,0.0,0.0,0.0,8.0,0.0,0.0,0.0,0.0,0.0,1.0,0.0,0.0,0.0,0.0,0.0,0.0,0.0,0.0
g__Megasphaera,1217.0,36.0,521.0,3801.0,1530.0,116.0,46.0,238.0,80.0,87.0,3878.0,948.0,449.0,2152.0,404.0,1998.0,1498.0,3483.0,744.0,1860.0,39.0,1230.0,548.0,752.0,4180.0,117.0,102.0,94.0,593.0,1203.0,362.0,24.0,99.0,1755.0,428.0,15.0,2253.0,534.0,264.0,50.0,4286.0,412.0,110.0,37.0,515.0,367.0,272.0,1825.0,490.0,192.0,48.0,1067.0,196.0,667.0,579.0,1256.0,303.0,953.0,280.0,1850.0,38.0,753.0,127.0,369.0,77.0,47.0,1880.0,255.0,255.0,32.0,42.0,953.0,30.0,473.0,2008.0,104.0,1659.0,415.0,1456.0,343.0,8.0,32.0,1260.0,1018.0,185.0,340.0,70.0,261.0,106.0,1368.0,83.0,2960.0,14.0,3342.0,947.0,1025.0,1490.0,109.0,819.0,168.0,1790.0
g__Mobiluncus,0.0,0.0,0.0,0.0,11.0,0.0,8.0,0.0,0.0,0.0,0.0,26.0,0.0,0.0,0.0,0.0,0.0,0.0,116.0,8.0,0.0,8.0,12.0,0.0,17.0,0.0,0.0,0.0,0.0,0.0,0.0,0.0,0.0,0.0,0.0,0.0,0.0,0.0,2.0,0.0,0.0,0.0,0.0,0.0,0.0,3.0,0.0,0.0,0.0,0.0,0.0,0.0,0.0,0.0,4.0,9.0,0.0,0.0,0.0,0.0,0.0,0.0,0.0,0.0,0.0,3.0,2.0,0.0,4.0,0.0,0.0,27.0,0.0,2.0,0.0,0.0,0.0,0.0,0.0,0.0,0.0,0.0,12.0,2.0,0.0,0.0,0.0,0.0,0.0,0.0,0.0,0.0,0.0,0.0,0.0,4.0,0.0,0.0,0.0,0.0,0.0
g__Mogibacterium,15.0,34.0,13.0,34.0,42.0,2.0,59.0,11.0,6.0,2.0,6.0,47.0,12.0,43.0,3.0,0.0,10.0,52.0,25.0,47.0,9.0,68.0,10.0,26.0,45.0,5.0,3.0,17.0,14.0,59.0,21.0,2.0,4.0,32.0,38.0,7.0,27.0,13.0,14.0,2.0,30.0,27.0,4.0,5.0,20.0,4.0,28.0,55.0,8.0,16.0,11.0,8.0,5.0,0.0,14.0,34.0,15.0,10.0,2.0,24.0,6.0,2.0,0.0,26.0,4.0,0.0,25.0,6.0,6.0,0.0,4.0,41.0,22.0,27.0,15.0,5.0,43.0,6.0,38.0,12.0,0.0,0.0,35.0,5.0,30.0,5.0,6.0,9.0,0.0,13.0,11.0,14.0,9.0,38.0,0.0,8.0,11.0,6.0,12.0,7.0,39.0
g__Moraxella,0.0,0.0,0.0,0.0,0.0,0.0,0.0,0.0,0.0,0.0,0.0,0.0,0.0,0.0,0.0,0.0,0.0,0.0,0.0,0.0,0.0,0.0,0.0,0.0,0.0,0.0,0.0,0.0,0.0,0.0,0.0,0.0,0.0,0.0,0.0,0.0,0.0,0.0,0.0,0.0,0.0,0.0,0.0,0.0,0.0,0.0,0.0,0.0,0.0,0.0,0.0,0.0,0.0,0.0,0.0,0.0,0.0,0.0,0.0,0.0,0.0,0.0,0.0,0.0,0.0,0.0,0.0,0.0,0.0,0.0,0.0,0.0,0.0,42.0,0.0,0.0,0.0,0.0,0.0,0.0,0.0,0.0,0.0,0.0,0.0,0.0,0.0,0.0,0.0,0.0,0.0,0.0,0.0,0.0,0.0,0.0,0.0,0.0,0.0,0.0,0.0
g__Muribaculaceae,0.0,0.0,0.0,0.0,0.0,0.0,0.0,0.0,0.0,0.0,0.0,0.0,0.0,0.0,0.0,0.0,0.0,0.0,0.0,0.0,0.0,0.0,0.0,0.0,0.0,0.0,0.0,0.0,0.0,0.0,0.0,0.0,0.0,0.0,0.0,0.0,0.0,0.0,0.0,0.0,0.0,0.0,0.0,0.0,78.0,0.0,0.0,15.0,0.0,0.0,0.0,0.0,0.0,0.0,0.0,0.0,0.0,36.0,0.0,0.0,0.0,0.0,0.0,0.0,0.0,0.0,0.0,0.0,0.0,0.0,0.0,0.0,0.0,0.0,0.0,0.0,0.0,0.0,0.0,0.0,0.0,0.0,0.0,0.0,0.0,0.0,0.0,0.0,0.0,0.0,0.0,0.0,0.0,0.0,0.0,0.0,0.0,0.0,0.0,0.0,0.0
g__Mycoplasma,2.0,156.0,9.0,2.0,9.0,2.0,0.0,99.0,95.0,17.0,103.0,136.0,0.0,16.0,39.0,0.0,57.0,0.0,0.0,12.0,155.0,370.0,31.0,0.0,10.0,0.0,0.0,583.0,0.0,19.0,0.0,2.0,359.0,7.0,2.0,254.0,132.0,3.0,32.0,3.0,0.0,86.0,6.0,479.0,56.0,47.0,97.0,29.0,209.0,0.0,26.0,20.0,2.0,4.0,47.0,24.0,3.0,575.0,18.0,0.0,0.0,32.0,0.0,3.0,2.0,7.0,11.0,40.0,38.0,3.0,63.0,3.0,20.0,139.0,336.0,5.0,26.0,1.0,11.0,3.0,0.0,74.0,5.0,177.0,70.0,66.0,43.0,341.0,0.0,0.0,397.0,125.0,13.0,18.0,44.0,3.0,14.0,0.0,0.0,7.0,0.0
g__Neisseria,16119.0,17818.0,1810.0,29157.0,17821.0,6469.0,1301.0,198.0,567.0,3796.0,26019.0,8875.0,22355.0,4899.0,10339.0,19500.0,64.0,121.0,21570.0,296.0,42049.0,11841.0,30040.0,25803.0,10820.0,2018.0,16678.0,670.0,6048.0,4017.0,8758.0,111.0,2507.0,3983.0,15659.0,33289.0,6063.0,160.0,5627.0,5417.0,76.0,7315.0,8773.0,66.0,667.0,9993.0,51391.0,4847.0,110.0,24172.0,12813.0,245.0,47.0,171.0,14454.0,8891.0,36354.0,871.0,19472.0,8838.0,4437.0,1810.0,8047.0,62530.0,4517.0,14473.0,404.0,9115.0,16858.0,77083.0,339.0,14886.0,2754.0,14279.0,118.0,7286.0,33189.0,2764.0,10237.0,1295.0,3158.0,12101.0,2633.0,4553.0,23052.0,200.0,9039.0,6386.0,10611.0,17283.0,13658.0,438.0,1347.0,362.0,2441.0,5518.0,15073.0,7677.0,18334.0,7455.0,7673.0
g__Nitrospirillum,0.0,0.0,8.0,0.0,0.0,0.0,3.0,0.0,0.0,5.0,0.0,0.0,0.0,0.0,1.0,0.0,4.0,0.0,0.0,0.0,0.0,0.0,0.0,0.0,0.0,2.0,0.0,3.0,4.0,0.0,0.0,2.0,0.0,0.0,0.0,0.0,0.0,2.0,1.0,2.0,0.0,0.0,0.0,0.0,0.0,0.0,0.0,0.0,0.0,0.0,1.0,0.0,0.0,0.0,0.0,0.0,0.0,7.0,3.0,0.0,8.0,2.0,0.0,0.0,0.0,3.0,0.0,0.0,0.0,2.0,0.0,0.0,1.0,0.0,0.0,0.0,0.0,0.0,0.0,0.0,0.0,0.0,0.0,3.0,0.0,2.0,9.0,0.0,0.0,0.0,2.0,0.0,0.0,0.0,0.0,0.0,0.0,2.0,0.0,1.0,0.0
g__Odoribacter,0.0,195.0,0.0,0.0,0.0,0.0,0.0,0.0,0.0,0.0,0.0,0.0,0.0,0.0,0.0,0.0,0.0,0.0,0.0,3.0,0.0,0.0,9.0,0.0,0.0,0.0,0.0,0.0,0.0,0.0,0.0,0.0,0.0,0.0,0.0,0.0,0.0,0.0,0.0,2.0,0.0,0.0,0.0,0.0,0.0,0.0,0.0,0.0,0.0,0.0,0.0,0.0,0.0,0.0,0.0,0.0,0.0,0.0,0.0,0.0,0.0,0.0,0.0,0.0,0.0,0.0,0.0,0.0,0.0,0.0,0.0,0.0,3.0,0.0,0.0,0.0,0.0,0.0,0.0,0.0,0.0,0.0,0.0,6.0,0.0,0.0,0.0,0.0,0.0,0.0,0.0,0.0,0.0,0.0,0.0,0.0,0.0,0.0,0.0,0.0,0.0
g__Olsenella,15.0,131.0,124.0,5.0,9.0,73.0,120.0,2355.0,101.0,105.0,18.0,28.0,9.0,20.0,3.0,2.0,6.0,18.0,133.0,7.0,75.0,42.0,38.0,29.0,2.0,19.0,99.0,193.0,111.0,51.0,15.0,39.0,18.0,9.0,14.0,260.0,44.0,16.0,96.0,109.0,2.0,7.0,43.0,29.0,60.0,89.0,181.0,18.0,74.0,30.0,59.0,484.0,0.0,0.0,11.0,15.0,28.0,151.0,87.0,19.0,17.0,4.0,0.0,3.0,209.0,7.0,6.0,36.0,92.0,38.0,46.0,9.0,342.0,19.0,53.0,7.0,58.0,21.0,4.0,21.0,49.0,6.0,39.0,50.0,35.0,4.0,7.0,208.0,10.0,26.0,23.0,46.0,7.0,33.0,35.0,667.0,50.0,17.0,54.0,290.0,7.0
g__Oribacterium,108.0,122.0,167.0,318.0,403.0,28.0,120.0,571.0,62.0,71.0,169.0,356.0,315.0,238.0,23.0,25.0,130.0,390.0,110.0,318.0,91.0,177.0,154.0,395.0,256.0,42.0,56.0,54.0,238.0,344.0,226.0,68.0,37.0,301.0,622.0,155.0,117.0,57.0,103.0,55.0,63.0,527.0,70.0,8.0,98.0,152.0,217.0,293.0,49.0,319.0,177.0,141.0,10.0,8.0,159.0,214.0,338.0,258.0,49.0,203.0,126.0,68.0,4.0,633.0,64.0,41.0,187.0,130.0,105.0,41.0,51.0,228.0,52.0,208.0,602.0,47.0,268.0,66.0,418.0,338.0,11.0,32.0,163.0,139.0,196.0,62.0,67.0,139.0,34.0,395.0,60.0,226.0,35.0,581.0,129.0,246.0,176.0,65.0,243.0,111.0,253.0
g__P5D1_392,5.0,0.0,1.0,17.0,31.0,8.0,3.0,0.0,3.0,5.0,9.0,21.0,2.0,31.0,0.0,14.0,2.0,10.0,13.0,5.0,0.0,6.0,9.0,2.0,0.0,6.0,2.0,0.0,9.0,8.0,3.0,0.0,3.0,13.0,17.0,7.0,29.0,1.0,0.0,3.0,16.0,1.0,0.0,1.0,2.0,3.0,1.0,5.0,4.0,7.0,0.0,20.0,6.0,1.0,0.0,6.0,30.0,0.0,0.0,9.0,2.0,10.0,4.0,3.0,2.0,3.0,3.0,0.0,4.0,0.0,4.0,46.0,0.0,0.0,4.0,25.0,30.0,5.0,27.0,10.0,7.0,12.0,2.0,4.0,3.0,11.0,0.0,2.0,0.0,16.0,2.0,14.0,0.0,1.0,10.0,0.0,27.0,6.0,3.0,2.0,10.0
g__Parascardovia,3.0,0.0,477.0,0.0,3.0,0.0,17.0,541.0,12.0,8.0,3.0,3.0,6.0,0.0,2.0,5.0,11.0,0.0,5.0,0.0,31.0,4.0,4.0,10.0,0.0,2.0,5.0,0.0,87.0,10.0,0.0,943.0,0.0,0.0,8.0,0.0,2.0,0.0,3.0,2.0,0.0,0.0,3.0,4.0,12.0,0.0,215.0,9.0,32.0,30.0,4.0,69.0,0.0,3182.0,3.0,0.0,11.0,32.0,25.0,8.0,4.0,2.0,15.0,0.0,3.0,0.0,0.0,0.0,6.0,2.0,24.0,3.0,0.0,0.0,12.0,5.0,20.0,13.0,0.0,2.0,0.0,0.0,0.0,366.0,2.0,4.0,2.0,7.0,3.0,4.0,4.0,63.0,0.0,10.0,305.0,760.0,5.0,6.0,3.0,20.0,0.0
g__Parvimonas,0.0,50.0,0.0,0.0,0.0,2.0,45.0,0.0,3.0,0.0,0.0,0.0,0.0,0.0,0.0,0.0,0.0,0.0,2.0,0.0,0.0,4.0,5.0,0.0,0.0,0.0,0.0,3.0,0.0,2.0,0.0,0.0,8.0,0.0,0.0,18.0,5.0,6.0,0.0,0.0,3.0,0.0,0.0,3.0,4.0,0.0,4.0,0.0,4.0,0.0,0.0,0.0,0.0,0.0,0.0,0.0,0.0,0.0,0.0,0.0,0.0,0.0,0.0,0.0,2.0,0.0,0.0,1.0,2.0,0.0,0.0,0.0,0.0,3.0,2.0,0.0,0.0,0.0,0.0,2.0,2.0,0.0,2.0,3.0,4.0,0.0,0.0,8.0,0.0,0.0,1.0,0.0,6.0,0.0,0.0,3.0,6.0,0.0,0.0,0.0,0.0
g__Peptoanaerobacter,0.0,0.0,0.0,0.0,0.0,0.0,0.0,0.0,0.0,0.0,7.0,0.0,0.0,0.0,4.0,0.0,0.0,0.0,0.0,0.0,0.0,4.0,0.0,0.0,0.0,0.0,0.0,0.0,0.0,0.0,0.0,0.0,0.0,0.0,0.0,0.0,2.0,0.0,4.0,0.0,0.0,0.0,0.0,0.0,0.0,11.0,0.0,0.0,0.0,0.0,0.0,0.0,0.0,0.0,0.0,0.0,0.0,0.0,0.0,0.0,0.0,0.0,0.0,0.0,0.0,0.0,10.0,0.0,0.0,0.0,0.0,0.0,0.0,2.0,0.0,0.0,0.0,0.0,0.0,0.0,0.0,0.0,1.0,0.0,0.0,4.0,0.0,0.0,0.0,0.0,3.0,0.0,0.0,0.0,3.0,0.0,5.0,0.0,4.0,0.0,0.0
g__Peptococcus,7.0,478.0,0.0,0.0,31.0,1.0,590.0,76.0,5.0,2.0,42.0,136.0,2.0,0.0,5.0,0.0,0.0,20.0,131.0,3.0,0.0,457.0,0.0,310.0,3.0,60.0,3.0,40.0,54.0,0.0,379.0,0.0,727.0,129.0,3.0,0.0,13.0,10.0,24.0,2.0,2.0,419.0,2.0,0.0,2.0,63.0,2.0,2.0,10.0,393.0,11.0,3.0,0.0,0.0,4.0,507.0,7.0,0.0,86.0,1316.0,3.0,0.0,0.0,0.0,64.0,0.0,13.0,91.0,34.0,0.0,2.0,3.0,11.0,798.0,2.0,13.0,759.0,117.0,48.0,3.0,34.0,8.0,440.0,7.0,2.0,10.0,2.0,0.0,37.0,185.0,95.0,29.0,53.0,3.0,45.0,40.0,51.0,0.0,66.0,101.0,2.0
g__Peptostreptococcus,9.0,9.0,0.0,0.0,20.0,0.0,0.0,0.0,0.0,0.0,0.0,2.0,0.0,9.0,0.0,0.0,0.0,0.0,0.0,0.0,0.0,11.0,0.0,0.0,0.0,3.0,0.0,0.0,2.0,0.0,0.0,0.0,0.0,0.0,2.0,3.0,0.0,0.0,0.0,0.0,0.0,2.0,0.0,0.0,0.0,0.0,0.0,0.0,0.0,5.0,0.0,0.0,0.0,0.0,0.0,12.0,0.0,0.0,0.0,7.0,0.0,0.0,0.0,6.0,0.0,0.0,0.0,0.0,0.0,0.0,0.0,0.0,3.0,5.0,0.0,0.0,7.0,0.0,0.0,0.0,0.0,0.0,0.0,0.0,0.0,0.0,0.0,0.0,0.0,0.0,0.0,0.0,0.0,0.0,0.0,0.0,2.0,0.0,0.0,0.0,0.0
g__Phocaeicola,4.0,101.0,0.0,10.0,0.0,0.0,512.0,0.0,0.0,45.0,24.0,4.0,0.0,0.0,15.0,0.0,24.0,3.0,165.0,0.0,46.0,109.0,12.0,15.0,2.0,12.0,2.0,38.0,0.0,26.0,4.0,22.0,50.0,0.0,5.0,0.0,10.0,0.0,466.0,49.0,2.0,25.0,4.0,31.0,115.0,0.0,121.0,10.0,25.0,14.0,96.0,15.0,0.0,0.0,3.0,0.0,0.0,40.0,18.0,5.0,0.0,0.0,0.0,0.0,2.0,0.0,0.0,6.0,112.0,14.0,0.0,0.0,553.0,7.0,60.0,8.0,13.0,8.0,7.0,0.0,6.0,0.0,110.0,9.0,54.0,0.0,46.0,412.0,0.0,2.0,7.0,121.0,7.0,4.0,0.0,0.0,5.0,0.0,11.0,5.0,0.0
g__Porphyromonas,513.0,12378.0,129.0,1100.0,530.0,2920.0,2998.0,186.0,2962.0,420.0,3481.0,4279.0,2369.0,2138.0,1345.0,60.0,779.0,106.0,4107.0,449.0,10977.0,3229.0,1695.0,8388.0,313.0,1279.0,300.0,11014.0,2600.0,602.0,10007.0,2656.0,47823.0,2961.0,14936.0,3706.0,4856.0,113.0,6609.0,507.0,1093.0,8200.0,633.0,2867.0,5154.0,5543.0,10128.0,1212.0,6536.0,11670.0,1671.0,5773.0,3500.0,38.0,2384.0,3853.0,4736.0,10462.0,3931.0,236.0,1076.0,1275.0,37.0,3526.0,1500.0,727.0,297.0,9038.0,5485.0,683.0,1290.0,7063.0,4928.0,9363.0,33703.0,503.0,5487.0,336.0,2814.0,484.0,2483.0,10924.0,2000.0,2130.0,9705.0,246.0,2176.0,403.0,19203.0,2151.0,6689.0,2011.0,5285.0,1714.0,1530.0,605.0,1201.0,1479.0,4685.0,1870.0,190.0
g__Prevotella,37393.0,32074.0,15329.0,42556.0,35652.0,3672.0,20017.0,43899.0,8717.0,2997.0,14984.0,31902.0,47919.0,29082.0,3746.0,25575.0,17778.0,24430.0,35497.0,37129.0,11811.0,33236.0,15806.0,12067.0,40014.0,2870.0,5892.0,3276.0,18824.0,40656.0,11897.0,2697.0,17689.0,21383.0,12391.0,7984.0,25128.0,5534.0,13441.0,4121.0,40607.0,23626.0,2264.0,29831.0,12181.0,18689.0,20320.0,35398.0,20916.0,23597.0,8148.0,11202.0,3229.0,3032.0,14769.0,22985.0,24154.0,15029.0,8677.0,34623.0,2292.0,15630.0,3022.0,19727.0,6590.0,2073.0,35724.0,11089.0,11533.0,8686.0,6274.0,25001.0,23404.0,21595.0,23130.0,4795.0,26224.0,10796.0,40134.0,22985.0,2110.0,6350.0,31932.0,13293.0,19701.0,5925.0,5117.0,15777.0,4781.0,32657.0,7799.0,20427.0,8588.0,43002.0,11703.0,46723.0,32190.0,16598.0,24781.0,12893.0,50917.0
g__Prevotellaceae_UCG_004,0.0,0.0,0.0,0.0,0.0,0.0,0.0,0.0,0.0,0.0,0.0,0.0,0.0,0.0,0.0,0.0,0.0,0.0,0.0,0.0,0.0,0.0,0.0,0.0,0.0,0.0,0.0,0.0,0.0,0.0,0.0,0.0,0.0,0.0,2.0,0.0,0.0,0.0,16.0,0.0,0.0,0.0,0.0,0.0,0.0,0.0,0.0,0.0,0.0,0.0,0.0,0.0,0.0,0.0,0.0,0.0,0.0,0.0,0.0,0.0,0.0,0.0,0.0,0.0,0.0,0.0,0.0,0.0,7.0,0.0,0.0,0.0,0.0,0.0,0.0,0.0,0.0,0.0,0.0,0.0,0.0,0.0,0.0,0.0,0.0,0.0,0.0,0.0,0.0,0.0,0.0,0.0,0.0,0.0,0.0,0.0,0.0,0.0,0.0,0.0,0.0
g__Propionibacterium,8.0,50.0,38.0,5.0,0.0,4.0,35.0,19.0,167.0,46.0,16.0,37.0,19.0,4.0,7.0,7.0,5.0,2.0,74.0,7.0,62.0,6.0,8.0,50.0,0.0,23.0,20.0,4.0,9.0,3.0,13.0,711.0,22.0,0.0,16.0,383.0,0.0,4.0,28.0,38.0,0.0,9.0,294.0,6.0,4.0,91.0,19.0,10.0,0.0,21.0,48.0,39.0,5.0,675.0,27.0,8.0,2.0,77.0,56.0,12.0,477.0,0.0,12.0,2.0,21.0,70.0,5.0,10.0,15.0,30.0,412.0,26.0,18.0,15.0,2.0,39.0,15.0,15.0,3.0,2.0,22.0,201.0,1.0,188.0,6.0,6.0,14.0,142.0,398.0,7.0,393.0,8.0,2.0,2.0,57.0,34.0,23.0,135.0,16.0,68.0,5.0
g__Propionivibrio,0.0,0.0,0.0,0.0,0.0,4.0,0.0,0.0,0.0,4.0,2.0,3.0,0.0,0.0,5.0,0.0,0.0,2.0,11.0,0.0,3.0,4.0,0.0,4.0,0.0,6.0,0.0,0.0,0.0,4.0,8.0,0.0,2.0,0.0,4.0,127.0,0.0,0.0,97.0,6.0,0.0,0.0,0.0,0.0,0.0,445.0,6.0,0.0,0.0,0.0,0.0,0.0,0.0,0.0,32.0,0.0,0.0,0.0,21.0,0.0,0.0,0.0,0.0,0.0,37.0,0.0,0.0,8.0,34.0,2.0,0.0,0.0,2.0,2.0,0.0,0.0,0.0,0.0,4.0,0.0,2.0,53.0,0.0,7.0,0.0,0.0,0.0,16.0,0.0,6.0,3.0,0.0,2.0,0.0,0.0,0.0,0.0,2.0,2.0,0.0,0.0
g__Pseudomonas,0.0,0.0,28.0,0.0,0.0,3.0,11.0,4.0,0.0,21.0,0.0,0.0,0.0,0.0,48.0,0.0,49.0,0.0,0.0,0.0,0.0,0.0,2.0,2.0,0.0,17.0,5.0,23.0,41.0,0.0,2.0,3.0,3.0,0.0,0.0,0.0,0.0,28.0,14.0,4.0,0.0,0.0,19.0,0.0,15.0,0.0,0.0,0.0,0.0,2.0,11.0,2.0,9.0,2.0,4.0,0.0,0.0,74.0,60.0,0.0,141.0,4.0,0.0,0.0,7.0,19.0,0.0,14.0,4.0,0.0,0.0,0.0,7.0,0.0,0.0,11.0,0.0,7.0,0.0,0.0,4.0,0.0,0.0,20.0,0.0,14.0,28.0,17.0,2.0,0.0,17.0,0.0,17.0,0.0,3.0,0.0,0.0,8.0,0.0,33.0,0.0
g__Pseudoramibacter,4.0,5.0,0.0,3.0,0.0,0.0,36.0,0.0,2.0,13.0,2.0,2.0,3.0,0.0,0.0,0.0,6.0,0.0,34.0,0.0,0.0,0.0,0.0,9.0,0.0,0.0,0.0,5.0,0.0,2.0,0.0,9.0,4.0,0.0,0.0,0.0,4.0,0.0,76.0,8.0,0.0,0.0,0.0,12.0,9.0,0.0,0.0,6.0,7.0,0.0,2.0,24.0,0.0,0.0,0.0,0.0,0.0,17.0,6.0,3.0,0.0,0.0,0.0,3.0,0.0,0.0,0.0,0.0,32.0,2.0,0.0,0.0,7.0,2.0,54.0,4.0,9.0,2.0,6.0,2.0,0.0,0.0,0.0,5.0,4.0,0.0,0.0,14.0,0.0,0.0,0.0,5.0,11.0,0.0,8.0,0.0,4.0,0.0,7.0,3.0,0.0
g__Pyramidobacter,0.0,7.0,0.0,0.0,0.0,0.0,0.0,0.0,0.0,0.0,0.0,0.0,0.0,0.0,0.0,0.0,0.0,0.0,0.0,0.0,0.0,0.0,0.0,0.0,0.0,0.0,0.0,0.0,0.0,0.0,0.0,0.0,0.0,0.0,0.0,0.0,4.0,0.0,19.0,0.0,0.0,0.0,0.0,0.0,85.0,0.0,0.0,10.0,0.0,0.0,1.0,8.0,0.0,0.0,0.0,0.0,0.0,21.0,0.0,0.0,0.0,0.0,0.0,0.0,0.0,0.0,0.0,0.0,9.0,0.0,0.0,0.0,6.0,0.0,0.0,0.0,0.0,0.0,3.0,0.0,0.0,0.0,0.0,0.0,0.0,0.0,0.0,0.0,0.0,0.0,0.0,0.0,0.0,1.0,0.0,0.0,0.0,0.0,0.0,3.0,0.0
g__RF39,0.0,32.0,0.0,0.0,0.0,2.0,0.0,0.0,3.0,0.0,38.0,0.0,0.0,0.0,21.0,0.0,0.0,4.0,0.0,0.0,16.0,56.0,0.0,0.0,0.0,7.0,0.0,0.0,0.0,0.0,0.0,0.0,0.0,29.0,0.0,0.0,107.0,0.0,4.0,0.0,0.0,0.0,0.0,0.0,0.0,19.0,64.0,0.0,0.0,1.0,0.0,0.0,0.0,0.0,0.0,97.0,0.0,0.0,0.0,0.0,0.0,0.0,0.0,0.0,26.0,0.0,0.0,88.0,16.0,0.0,2.0,0.0,0.0,76.0,0.0,0.0,0.0,3.0,2.0,0.0,0.0,0.0,56.0,0.0,0.0,0.0,0.0,0.0,0.0,0.0,8.0,2.0,0.0,0.0,0.0,0.0,5.0,0.0,0.0,0.0,0.0
g__Ralstonia,0.0,0.0,0.0,0.0,0.0,0.0,0.0,0.0,0.0,0.0,0.0,0.0,0.0,0.0,2.0,0.0,0.0,0.0,0.0,0.0,0.0,0.0,0.0,0.0,0.0,0.0,4.0,0.0,0.0,0.0,0.0,0.0,3.0,0.0,0.0,0.0,0.0,0.0,0.0,0.0,0.0,0.0,0.0,0.0,0.0,0.0,0.0,0.0,0.0,0.0,0.0,0.0,4.0,0.0,0.0,0.0,0.0,4.0,2.0,0.0,6.0,0.0,0.0,0.0,0.0,0.0,0.0,0.0,0.0,0.0,0.0,0.0,0.0,0.0,0.0,0.0,0.0,0.0,0.0,0.0,0.0,0.0,0.0,0.0,0.0,0.0,0.0,0.0,0.0,0.0,0.0,0.0,0.0,0.0,0.0,0.0,0.0,0.0,0.0,0.0,0.0
g__Rikenellaceae_RC9_gut_group,0.0,88.0,0.0,0.0,60.0,0.0,0.0,0.0,17.0,0.0,30.0,14.0,0.0,2.0,5.0,0.0,0.0,7.0,0.0,0.0,0.0,101.0,12.0,0.0,0.0,7.0,0.0,0.0,0.0,0.0,0.0,0.0,27.0,5.0,24.0,11.0,41.0,5.0,20.0,0.0,0.0,7.0,0.0,59.0,105.0,0.0,0.0,48.0,27.0,0.0,0.0,0.0,0.0,0.0,0.0,0.0,0.0,32.0,0.0,0.0,0.0,0.0,0.0,0.0,0.0,0.0,3.0,108.0,87.0,10.0,4.0,0.0,6.0,250.0,0.0,6.0,6.0,3.0,2.0,13.0,0.0,3.0,85.0,3.0,0.0,3.0,0.0,0.0,0.0,0.0,555.0,15.0,79.0,9.0,0.0,0.0,4.0,0.0,9.0,4.0,0.0
g__Roseburia,0.0,0.0,0.0,0.0,0.0,0.0,0.0,0.0,0.0,0.0,6.0,0.0,0.0,0.0,0.0,0.0,0.0,0.0,0.0,0.0,0.0,0.0,0.0,0.0,0.0,0.0,0.0,0.0,0.0,0.0,0.0,0.0,0.0,0.0,0.0,0.0,0.0,0.0,0.0,0.0,0.0,0.0,0.0,0.0,0.0,0.0,0.0,0.0,2.0,0.0,0.0,0.0,0.0,0.0,0.0,0.0,0.0,0.0,0.0,0.0,0.0,0.0,0.0,0.0,3.0,0.0,0.0,44.0,21.0,0.0,0.0,0.0,0.0,0.0,0.0,0.0,0.0,0.0,0.0,0.0,0.0,0.0,0.0,0.0,0.0,0.0,0.0,0.0,0.0,0.0,0.0,3.0,0.0,0.0,0.0,0.0,0.0,0.0,0.0,0.0,0.0
g__Rothia,2158.0,295.0,892.0,533.0,1124.0,396.0,128.0,82.0,1572.0,1025.0,1958.0,589.0,1086.0,595.0,1638.0,948.0,2049.0,392.0,810.0,438.0,774.0,472.0,1820.0,1284.0,809.0,659.0,906.0,351.0,1395.0,1738.0,606.0,403.0,308.0,596.0,302.0,932.0,963.0,1149.0,353.0,919.0,1701.0,976.0,1370.0,250.0,1065.0,406.0,1036.0,766.0,1851.0,796.0,699.0,1638.0,1639.0,850.0,2151.0,439.0,818.0,569.0,7846.0,758.0,1426.0,1050.0,676.0,2411.0,484.0,1196.0,401.0,3452.0,1878.0,124.0,626.0,547.0,199.0,522.0,1948.0,975.0,415.0,2653.0,547.0,3322.0,1748.0,81.0,521.0,980.0,1223.0,354.0,853.0,3168.0,277.0,494.0,1881.0,1673.0,784.0,726.0,1924.0,382.0,706.0,621.0,577.0,582.0,527.0
g__Scardovia,8.0,3.0,1769.0,2.0,5.0,3.0,90.0,0.0,505.0,105.0,9.0,9.0,5.0,3.0,2.0,6.0,97.0,12.0,11.0,11.0,4.0,4.0,14.0,0.0,2.0,6.0,9.0,0.0,55.0,8.0,2.0,360.0,2.0,0.0,19.0,3.0,3.0,10.0,65.0,7.0,5.0,0.0,941.0,1828.0,178.0,0.0,4.0,24.0,1231.0,17.0,0.0,99.0,7.0,4774.0,3.0,0.0,18.0,300.0,643.0,9.0,3.0,4.0,0.0,0.0,3.0,182.0,4.0,0.0,29.0,4.0,1566.0,48.0,3.0,0.0,142.0,4.0,15.0,38.0,5.0,2.0,6.0,3.0,2.0,887.0,0.0,4.0,3.0,4.0,4.0,5.0,8.0,311.0,0.0,5.0,1130.0,3.0,6.0,0.0,3.0,29.0,5.0
g__Selenomonas,760.0,2662.0,1740.0,1435.0,983.0,3611.0,1188.0,8416.0,2161.0,2123.0,333.0,1697.0,1235.0,1252.0,157.0,32.0,205.0,3888.0,4758.0,3265.0,2212.0,1220.0,434.0,376.0,4198.0,238.0,1334.0,690.0,2338.0,1242.0,1112.0,1565.0,369.0,2056.0,508.0,1084.0,269.0,1015.0,1701.0,1427.0,2113.0,1099.0,1380.0,10967.0,543.0,3321.0,3438.0,1969.0,2746.0,728.0,5535.0,2934.0,130.0,2383.0,2971.0,1959.0,589.0,1871.0,1212.0,3456.0,1795.0,951.0,15.0,2322.0,2144.0,3182.0,2678.0,995.0,945.0,8070.0,1406.0,1304.0,3063.0,1972.0,321.0,190.0,445.0,330.0,867.0,83.0,278.0,2527.0,1029.0,1483.0,1277.0,1340.0,667.0,1768.0,2888.0,2737.0,1039.0,1780.0,105.0,5035.0,2463.0,3554.0,1346.0,1942.0,1907.0,2418.0,2073.0
g__Shuttleworthia,1.0,13.0,13.0,4.0,2.0,0.0,7.0,114.0,6.0,0.0,0.0,2.0,3.0,5.0,1.0,0.0,0.0,13.0,4.0,0.0,3.0,13.0,3.0,0.0,0.0,0.0,0.0,0.0,81.0,0.0,0.0,3.0,0.0,0.0,10.0,6.0,9.0,2.0,18.0,5.0,7.0,0.0,0.0,5.0,5.0,1.0,4.0,4.0,20.0,3.0,0.0,11.0,5.0,0.0,0.0,2.0,0.0,16.0,1.0,3.0,0.0,1.0,0.0,0.0,2.0,0.0,0.0,0.0,5.0,1.0,4.0,0.0,2.0,0.0,0.0,2.0,0.0,17.0,0.0,1.0,0.0,0.0,2.0,5.0,27.0,0.0,6.0,78.0,1.0,28.0,0.0,11.0,0.0,5.0,0.0,119.0,8.0,2.0,1.0,0.0,0.0
g__Simonsiella,0.0,824.0,0.0,0.0,0.0,0.0,0.0,0.0,0.0,0.0,0.0,0.0,0.0,0.0,0.0,0.0,0.0,31.0,0.0,0.0,0.0,0.0,0.0,0.0,0.0,0.0,0.0,0.0,0.0,0.0,0.0,0.0,0.0,30.0,2.0,0.0,0.0,30.0,0.0,0.0,0.0,0.0,0.0,0.0,0.0,0.0,0.0,0.0,0.0,0.0,0.0,0.0,0.0,0.0,0.0,160.0,0.0,0.0,0.0,0.0,0.0,0.0,0.0,0.0,1.0,0.0,0.0,0.0,0.0,0.0,0.0,0.0,5.0,192.0,0.0,15.0,0.0,0.0,0.0,0.0,0.0,0.0,0.0,0.0,0.0,0.0,0.0,0.0,0.0,0.0,89.0,2.0,0.0,0.0,0.0,0.0,49.0,0.0,0.0,0.0,0.0
g__Slackia,0.0,18.0,2.0,3.0,6.0,0.0,44.0,6.0,1.0,5.0,3.0,8.0,1.0,8.0,0.0,0.0,3.0,2.0,9.0,2.0,5.0,7.0,6.0,5.0,10.0,0.0,0.0,4.0,7.0,1.0,6.0,2.0,0.0,2.0,2.0,10.0,5.0,6.0,23.0,2.0,1.0,1.0,0.0,10.0,9.0,2.0,7.0,3.0,7.0,0.0,12.0,4.0,0.0,0.0,0.0,5.0,3.0,9.0,1.0,6.0,0.0,0.0,0.0,2.0,6.0,0.0,2.0,1.0,8.0,2.0,2.0,0.0,47.0,3.0,8.0,0.0,5.0,6.0,11.0,0.0,0.0,5.0,7.0,8.0,23.0,6.0,13.0,26.0,0.0,13.0,7.0,8.0,0.0,8.0,1.0,15.0,3.0,2.0,7.0,1.0,4.0
g__Sneathia,0.0,0.0,0.0,0.0,49.0,0.0,0.0,0.0,0.0,0.0,0.0,0.0,0.0,0.0,0.0,0.0,0.0,0.0,0.0,0.0,0.0,0.0,0.0,0.0,0.0,0.0,0.0,0.0,0.0,0.0,0.0,0.0,0.0,0.0,0.0,0.0,0.0,0.0,0.0,0.0,0.0,0.0,0.0,0.0,0.0,0.0,0.0,0.0,0.0,0.0,0.0,0.0,0.0,0.0,0.0,0.0,0.0,0.0,0.0,0.0,0.0,0.0,0.0,0.0,0.0,0.0,0.0,0.0,0.0,0.0,0.0,0.0,0.0,0.0,0.0,0.0,0.0,0.0,0.0,0.0,0.0,0.0,0.0,0.0,0.0,0.0,0.0,0.0,0.0,0.0,0.0,0.0,0.0,0.0,0.0,0.0,0.0,0.0,0.0,0.0,0.0
g__Solobacterium,519.0,255.0,86.0,247.0,2093.0,62.0,637.0,167.0,49.0,34.0,1675.0,1331.0,268.0,754.0,159.0,223.0,111.0,1019.0,1987.0,852.0,147.0,1419.0,206.0,499.0,1590.0,84.0,41.0,17.0,228.0,1317.0,184.0,2.0,91.0,2212.0,582.0,106.0,1294.0,126.0,206.0,29.0,1355.0,344.0,17.0,56.0,54.0,187.0,373.0,599.0,150.0,2136.0,32.0,30.0,50.0,6.0,352.0,1631.0,252.0,111.0,23.0,1574.0,36.0,115.0,20.0,247.0,68.0,41.0,857.0,211.0,214.0,28.0,30.0,1202.0,143.0,569.0,125.0,67.0,2305.0,182.0,1226.0,530.0,10.0,20.0,1266.0,287.0,483.0,98.0,68.0,126.0,63.0,958.0,47.0,732.0,24.0,885.0,53.0,899.0,1176.0,58.0,1478.0,137.0,667.0
g__Sphaerochaeta,0.0,0.0,0.0,0.0,0.0,0.0,358.0,0.0,2.0,0.0,3.0,0.0,0.0,0.0,4.0,0.0,0.0,0.0,17.0,0.0,0.0,2.0,0.0,0.0,0.0,0.0,0.0,9.0,0.0,7.0,0.0,3.0,2.0,0.0,0.0,0.0,26.0,0.0,0.0,0.0,0.0,3.0,0.0,0.0,0.0,0.0,0.0,0.0,0.0,0.0,12.0,6.0,0.0,0.0,0.0,0.0,0.0,360.0,0.0,0.0,0.0,0.0,0.0,0.0,0.0,0.0,0.0,0.0,0.0,0.0,0.0,0.0,0.0,0.0,0.0,0.0,36.0,0.0,0.0,0.0,0.0,0.0,2.0,2.0,0.0,0.0,0.0,198.0,0.0,0.0,0.0,0.0,0.0,90.0,0.0,0.0,0.0,4.0,0.0,4.0,0.0
g__Staphylococcus,7.0,0.0,0.0,7.0,26.0,1.0,7.0,6.0,0.0,9.0,13.0,4.0,76.0,8.0,18.0,15.0,13.0,3.0,19.0,0.0,4.0,33.0,7.0,127.0,3.0,6.0,0.0,19.0,15.0,16.0,3.0,20.0,5.0,0.0,58.0,2.0,4.0,4.0,12.0,2.0,118.0,11.0,9.0,0.0,3.0,0.0,10.0,10.0,26.0,5.0,0.0,147.0,5.0,6.0,0.0,2.0,19.0,3.0,60.0,5.0,0.0,0.0,8.0,3.0,2.0,0.0,6.0,18.0,25.0,0.0,3.0,0.0,0.0,3.0,3.0,4.0,10.0,1.0,2.0,10.0,0.0,0.0,4.0,6.0,10.0,1.0,65.0,104.0,4.0,2.0,4.0,122.0,7.0,3.0,67.0,17.0,34.0,16.0,32.0,7.0,2.0
g__Stenotrophomonas,0.0,0.0,4.0,0.0,0.0,0.0,0.0,0.0,0.0,0.0,0.0,0.0,0.0,0.0,0.0,0.0,0.0,0.0,0.0,0.0,0.0,0.0,0.0,0.0,0.0,0.0,0.0,0.0,0.0,0.0,0.0,0.0,0.0,0.0,0.0,0.0,0.0,0.0,0.0,0.0,0.0,0.0,0.0,0.0,0.0,0.0,0.0,0.0,0.0,0.0,0.0,0.0,0.0,0.0,0.0,0.0,0.0,0.0,0.0,0.0,8.0,0.0,0.0,0.0,0.0,0.0,0.0,0.0,0.0,0.0,0.0,0.0,0.0,0.0,0.0,0.0,0.0,0.0,0.0,0.0,0.0,0.0,0.0,0.0,0.0,0.0,14.0,0.0,0.0,0.0,0.0,0.0,0.0,0.0,0.0,0.0,0.0,0.0,0.0,1.0,0.0
g__Stomatobaculum,448.0,71.0,139.0,577.0,234.0,57.0,27.0,185.0,94.0,54.0,325.0,405.0,232.0,398.0,73.0,204.0,144.0,224.0,122.0,538.0,18.0,408.0,123.0,520.0,316.0,138.0,69.0,42.0,161.0,396.0,299.0,8.0,19.0,261.0,770.0,27.0,381.0,79.0,46.0,41.0,232.0,340.0,30.0,190.0,136.0,37.0,54.0,1001.0,119.0,79.0,48.0,68.0,41.0,144.0,168.0,360.0,742.0,288.0,14.0,846.0,26.0,170.0,22.0,769.0,34.0,29.0,226.0,87.0,66.0,18.0,61.0,236.0,14.0,490.0,258.0,95.0,346.0,104.0,309.0,277.0,46.0,27.0,484.0,207.0,82.0,25.0,20.0,64.0,39.0,500.0,153.0,61.0,28.0,1204.0,315.0,151.0,315.0,235.0,82.0,111.0,402.0
g__Streptobacillus,0.0,0.0,0.0,0.0,0.0,0.0,0.0,0.0,0.0,0.0,0.0,0.0,0.0,0.0,0.0,0.0,0.0,0.0,0.0,0.0,0.0,0.0,0.0,0.0,0.0,0.0,0.0,0.0,0.0,0.0,0.0,0.0,0.0,0.0,0.0,0.0,0.0,0.0,0.0,0.0,0.0,0.0,0.0,0.0,0.0,0.0,0.0,0.0,0.0,89.0,0.0,0.0,0.0,0.0,0.0,0.0,0.0,0.0,0.0,0.0,0.0,0.0,0.0,0.0,0.0,0.0,0.0,0.0,0.0,0.0,0.0,0.0,0.0,0.0,0.0,0.0,0.0,0.0,0.0,0.0,0.0,0.0,0.0,0.0,0.0,0.0,0.0,0.0,25.0,0.0,0.0,0.0,0.0,0.0,0.0,0.0,0.0,0.0,0.0,0.0,0.0
g__Streptococcus,37508.0,15975.0,84947.0,35074.0,47011.0,32883.0,102760.0,10549.0,48776.0,64050.0,60768.0,29125.0,44908.0,47489.0,29804.0,76988.0,54287.0,33983.0,28508.0,29738.0,45281.0,33372.0,44572.0,35987.0,34067.0,111612.0,82978.0,22260.0,67150.0,18871.0,21832.0,99677.0,20879.0,24470.0,27889.0,43756.0,41271.0,58583.0,36392.0,68869.0,49602.0,21193.0,83360.0,14061.0,64368.0,27256.0,16661.0,40892.0,31416.0,48828.0,29988.0,57628.0,212333.0,84348.0,28520.0,26655.0,49726.0,50418.0,52843.0,23393.0,52771.0,102347.0,59907.0,23614.0,61568.0,72462.0,35263.0,49097.0,58611.0,49848.0,60691.0,48264.0,51180.0,35884.0,41922.0,114870.0,36219.0,120212.0,22110.0,36874.0,70416.0,31679.0,24633.0,51938.0,17028.0,153570.0,85431.0,17743.0,55460.0,18271.0,44358.0,61511.0,62314.0,25671.0,87858.0,20849.0,35742.0,58348.0,23339.0,98726.0,60460.0
g__Suttonella,0.0,0.0,0.0,100.0,4.0,0.0,0.0,0.0,0.0,27.0,0.0,0.0,22.0,0.0,0.0,0.0,0.0,0.0,0.0,0.0,0.0,13.0,0.0,0.0,0.0,0.0,0.0,0.0,0.0,0.0,0.0,0.0,0.0,0.0,0.0,0.0,0.0,0.0,0.0,0.0,0.0,0.0,2.0,0.0,0.0,0.0,0.0,0.0,0.0,0.0,0.0,0.0,0.0,0.0,0.0,0.0,0.0,0.0,0.0,0.0,0.0,0.0,0.0,0.0,0.0,0.0,0.0,0.0,0.0,0.0,0.0,0.0,0.0,0.0,0.0,0.0,0.0,0.0,0.0,0.0,0.0,0.0,8.0,0.0,0.0,0.0,0.0,0.0,0.0,0.0,0.0,0.0,0.0,0.0,0.0,0.0,0.0,11.0,0.0,0.0,0.0
g__Tannerella,94.0,1525.0,19.0,240.0,30.0,2005.0,2645.0,15.0,387.0,315.0,122.0,881.0,273.0,253.0,49.0,5.0,93.0,80.0,1386.0,35.0,434.0,599.0,109.0,507.0,24.0,34.0,142.0,846.0,392.0,178.0,1998.0,329.0,3514.0,624.0,316.0,1135.0,380.0,55.0,2658.0,623.0,92.0,424.0,513.0,286.0,1153.0,1820.0,780.0,203.0,285.0,147.0,1017.0,665.0,256.0,64.0,99.0,628.0,216.0,270.0,601.0,105.0,424.0,219.0,4.0,1384.0,802.0,182.0,59.0,546.0,779.0,86.0,177.0,94.0,455.0,1077.0,4518.0,61.0,1436.0,115.0,524.0,58.0,271.0,4287.0,80.0,650.0,878.0,37.0,266.0,2440.0,144.0,773.0,514.0,139.0,155.0,79.0,412.0,247.0,424.0,649.0,288.0,361.0,14.0
g__Treponema,23.0,4056.0,4.0,197.0,228.0,182.0,4294.0,1062.0,628.0,177.0,1211.0,122.0,157.0,188.0,510.0,15.0,68.0,124.0,880.0,71.0,240.0,1327.0,166.0,163.0,39.0,78.0,42.0,1329.0,1329.0,414.0,530.0,862.0,9324.0,311.0,368.0,593.0,1246.0,320.0,4102.0,113.0,136.0,810.0,882.0,958.0,1777.0,1510.0,670.0,683.0,534.0,272.0,219.0,1196.0,459.0,7.0,208.0,369.0,429.0,382.0,775.0,190.0,57.0,102.0,13.0,20.0,399.0,147.0,124.0,3775.0,5290.0,293.0,297.0,133.0,869.0,1403.0,1503.0,135.0,56.0,208.0,452.0,315.0,362.0,198.0,1191.0,1911.0,429.0,271.0,106.0,5623.0,44.0,503.0,1336.0,308.0,2161.0,52.0,37.0,480.0,389.0,55.0,771.0,111.0,9.0
g__UCG_004,0.0,0.0,0.0,0.0,0.0,0.0,0.0,0.0,0.0,0.0,0.0,0.0,0.0,0.0,0.0,0.0,0.0,0.0,0.0,0.0,5.0,0.0,0.0,0.0,0.0,0.0,0.0,0.0,0.0,0.0,0.0,0.0,0.0,0.0,0.0,0.0,0.0,0.0,0.0,0.0,0.0,0.0,0.0,0.0,0.0,0.0,10.0,0.0,0.0,0.0,0.0,31.0,0.0,0.0,0.0,0.0,0.0,3.0,0.0,0.0,0.0,0.0,0.0,0.0,0.0,0.0,0.0,0.0,0.0,0.0,0.0,0.0,0.0,0.0,0.0,0.0,0.0,0.0,0.0,0.0,0.0,0.0,0.0,0.0,0.0,0.0,0.0,219.0,0.0,0.0,0.0,0.0,0.0,0.0,0.0,0.0,0.0,0.0,0.0,0.0,0.0
g__UTBCD1,0.0,0.0,0.0,0.0,0.0,0.0,0.0,0.0,0.0,0.0,0.0,0.0,0.0,0.0,0.0,0.0,9.0,0.0,0.0,0.0,0.0,0.0,0.0,0.0,0.0,0.0,0.0,0.0,0.0,0.0,0.0,0.0,0.0,0.0,2.0,0.0,0.0,0.0,0.0,0.0,0.0,0.0,0.0,0.0,0.0,0.0,0.0,2.0,0.0,0.0,0.0,0.0,0.0,0.0,0.0,0.0,0.0,0.0,0.0,0.0,0.0,0.0,0.0,0.0,0.0,0.0,0.0,0.0,0.0,0.0,0.0,0.0,0.0,0.0,0.0,0.0,0.0,0.0,0.0,0.0,0.0,0.0,0.0,0.0,0.0,0.0,0.0,0.0,0.0,0.0,0.0,0.0,0.0,0.0,0.0,0.0,0.0,0.0,0.0,0.0,0.0
g__Veillonella,18386.0,4273.0,33407.0,24755.0,28790.0,23434.0,3788.0,6303.0,19780.0,29932.0,32558.0,14231.0,14267.0,26565.0,4456.0,33973.0,36597.0,21860.0,9857.0,15005.0,11588.0,14060.0,14999.0,15920.0,17710.0,9036.0,34369.0,30253.0,19235.0,22174.0,9657.0,35455.0,6656.0,8417.0,11396.0,5157.0,23101.0,10845.0,7390.0,34618.0,62079.0,13527.0,44219.0,19257.0,26344.0,14621.0,9378.0,23872.0,17399.0,16839.0,21299.0,28145.0,6027.0,27126.0,22280.0,11887.0,11517.0,24666.0,22558.0,21246.0,19826.0,13061.0,27769.0,13503.0,5924.0,37433.0,24880.0,12905.0,6917.0,5663.0,28189.0,16927.0,45181.0,7331.0,32594.0,6344.0,14559.0,20527.0,19570.0,12723.0,18805.0,21782.0,13376.0,19009.0,10152.0,10525.0,3131.0,13681.0,12720.0,17928.0,4220.0,23185.0,1095.0,33942.0,16289.0,10867.0,22710.0,12635.0,5490.0,9722.0,24431.0
g__Verruc_01,0.0,0.0,0.0,0.0,0.0,0.0,0.0,0.0,0.0,0.0,0.0,0.0,0.0,0.0,0.0,0.0,0.0,0.0,0.0,0.0,0.0,0.0,0.0,0.0,0.0,0.0,0.0,0.0,0.0,0.0,0.0,0.0,26.0,0.0,0.0,0.0,0.0,0.0,0.0,0.0,0.0,0.0,0.0,9.0,0.0,0.0,0.0,0.0,9.0,0.0,0.0,0.0,0.0,0.0,0.0,0.0,0.0,0.0,0.0,0.0,0.0,0.0,0.0,0.0,0.0,0.0,0.0,0.0,0.0,0.0,0.0,0.0,0.0,0.0,0.0,0.0,0.0,0.0,0.0,0.0,0.0,0.0,0.0,0.0,0.0,0.0,0.0,0.0,0.0,0.0,0.0,0.0,0.0,0.0,0.0,0.0,0.0,0.0,0.0,0.0,0.0
g__Vicingus,0.0,0.0,0.0,0.0,0.0,0.0,0.0,0.0,0.0,0.0,0.0,0.0,0.0,0.0,0.0,0.0,3.0,0.0,0.0,2.0,0.0,0.0,2.0,0.0,0.0,0.0,0.0,0.0,0.0,0.0,0.0,0.0,0.0,0.0,0.0,0.0,0.0,0.0,0.0,0.0,0.0,0.0,0.0,0.0,0.0,0.0,2.0,0.0,0.0,0.0,0.0,0.0,0.0,0.0,0.0,0.0,0.0,0.0,0.0,0.0,0.0,0.0,0.0,0.0,0.0,0.0,0.0,0.0,0.0,0.0,0.0,0.0,0.0,0.0,0.0,0.0,0.0,0.0,0.0,0.0,0.0,0.0,0.0,0.0,0.0,0.0,0.0,0.0,0.0,0.0,0.0,0.0,0.0,0.0,2.0,0.0,0.0,0.0,0.0,0.0,0.0
g__W5053,0.0,30.0,0.0,0.0,0.0,0.0,0.0,0.0,0.0,0.0,0.0,0.0,10.0,0.0,0.0,0.0,0.0,0.0,0.0,0.0,0.0,0.0,0.0,0.0,0.0,0.0,0.0,0.0,0.0,0.0,0.0,0.0,238.0,0.0,0.0,0.0,5.0,0.0,0.0,0.0,7.0,6.0,0.0,26.0,0.0,0.0,0.0,0.0,7.0,0.0,2.0,0.0,5.0,0.0,0.0,0.0,0.0,0.0,0.0,0.0,0.0,0.0,0.0,0.0,0.0,0.0,0.0,0.0,0.0,0.0,0.0,0.0,0.0,0.0,0.0,0.0,12.0,0.0,0.0,0.0,0.0,0.0,0.0,0.0,0.0,0.0,0.0,0.0,0.0,0.0,0.0,4.0,0.0,0.0,0.0,0.0,0.0,0.0,0.0,11.0,0.0
g__uncultured,430.0,119.0,323.0,112.0,675.0,14.0,12.0,375.0,977.0,41.0,83.0,381.0,1104.0,7.0,14.0,10.0,13.0,1126.0,9.0,2228.0,12.0,538.0,282.0,85.0,340.0,101.0,57.0,27.0,906.0,8.0,431.0,6.0,83.0,1035.0,83.0,80.0,38.0,152.0,99.0,82.0,19.0,171.0,35.0,46.0,123.0,55.0,21.0,1130.0,75.0,90.0,27.0,17.0,11.0,2.0,112.0,553.0,103.0,136.0,55.0,892.0,23.0,4.0,4.0,12.0,113.0,6.0,93.0,272.0,45.0,16.0,2143.0,9.0,75.0,343.0,19.0,83.0,38.0,153.0,901.0,28.0,12.0,8.0,779.0,411.0,29.0,22.0,6.0,84.0,27.0,3703.0,281.0,30.0,51.0,21.0,11.0,89.0,1479.0,214.0,767.0,30.0,371.0
